StockCode,Description,ABC,XYZ,Group,Revenue,"RevenueShare, %",Quantity,Orders,Customers,ActiveMonths,LastSale,Recommendation
84227,HEN HOUSE W CHICK IN NEST,C,Z,CZ,0.42,0.0,1,1,1,1,2011-03,Вывести: продаж нет 6+ месяцев
21268,VINTAGE BLUE TINSEL REEL,C,Z,CZ,0.84,0.0,2,1,1,1,2010-12,Вывести: продаж нет 6+ месяцев
90084,PINK CRYSTAL GUITAR PHONE CHARM,C,Z,CZ,0.85,0.0,1,1,1,1,2011-03,Вывести: продаж нет 6+ месяцев
84206B,CAT W SUNGLASSES BLANK CARD,C,Z,CZ,0.95,0.0,5,1,1,1,2011-11,Кандидат на вывод: редкий хаотичный спрос
84201C,HAPPY BIRTHDAY CARD TEDDY/CAKE,C,Z,CZ,0.95,0.0,5,1,1,1,2011-08,Кандидат на вывод: редкий хаотичный спрос
84990,60 GOLD AND SILVER FAIRY CAKE CASES,C,Z,CZ,1.1,0.0,2,2,2,2,2011-05,Вывести: продаж нет 6+ месяцев
35597A,DUSTY PINK CHRISTMAS TREE 30CM,C,Z,CZ,1.25,0.0,1,1,1,1,2010-12,Вывести: продаж нет 6+ месяцев
35597B,BLACKCHRISTMAS TREE 30CM,C,Z,CZ,1.25,0.0,1,1,1,1,2010-12,Вывести: продаж нет 6+ месяцев
37461,FUNKY MONKEY MUG,C,Z,CZ,1.25,0.0,1,1,1,1,2010-12,Вывести: продаж нет 6+ месяцев
85225,BLING KEY RING STAND,C,Z,CZ,1.25,0.0,1,1,1,1,2011-04,Вывести: продаж нет 6+ месяцев
84977,WIRE FLOWER T-LIGHT HOLDER,C,Z,CZ,1.25,0.0,1,1,0,1,2011-03,Вывести: продаж нет 6+ месяцев
21009,ETCHED GLASS STAR TREE DECORATION,C,Z,CZ,1.25,0.0,1,1,0,1,2010-12,Вывести: продаж нет 6+ месяцев
84569C,PACK 4 FLOWER/BUTTERFLY PATCHES,C,Z,CZ,1.25,0.0,1,1,1,1,2011-03,Вывести: продаж нет 6+ месяцев
84743C,ORANGE FELT VASE + FLOWERS,C,Z,CZ,1.25,0.0,1,1,1,1,2011-03,Вывести: продаж нет 6+ месяцев
84206C,CHAMPAGNE TRAY BLANK CARD,C,Z,CZ,1.52,0.0,8,2,2,2,2011-11,Кандидат на вывод: редкий хаотичный спрос
84550,CROCHET LILAC/RED BEAR KEYRING,C,Z,CZ,1.65,0.0,1,1,1,1,2011-11,Кандидат на вывод: редкий хаотичный спрос
90092,BLUE CRYSTAL BOOT PHONE CHARM,C,Z,CZ,1.66,0.0,1,1,0,1,2011-01,Вывести: продаж нет 6+ месяцев
22323,PINK POLKADOT KIDS BAG,C,Z,CZ,1.95,0.0,1,1,1,1,2011-01,Вывести: продаж нет 6+ месяцев
21491,SET OF THREE VINTAGE GIFT WRAPS,C,Z,CZ,1.95,0.0,1,1,0,1,2010-12,Вывести: продаж нет 6+ месяцев
22146,EASTER CRAFT IVY WREATH WITH CHICK,C,Z,CZ,1.95,0.0,1,1,1,1,2011-01,Вывести: продаж нет 6+ месяцев
84731,3 BIRDS CANVAS SCREEN,C,Z,CZ,2.04,0.0,2,2,2,2,2011-07,Кандидат на вывод: редкий хаотичный спрос
81953B,ROUND BLUE CLOCK WITH SUCKER,C,Z,CZ,2.09,0.0,11,3,2,1,2011-07,Кандидат на вывод: редкий хаотичный спрос
21414,SCALLOP SHELL SOAP DISH,C,Z,CZ,2.1,0.0,1,1,1,1,2011-02,Вывести: продаж нет 6+ месяцев
47579,TEA TIME BREAKFAST BASKET,C,Z,CZ,2.1,0.0,1,1,1,1,2010-12,Вывести: продаж нет 6+ месяцев
90112,PINK DOLLY HAIR CLIPS,C,Z,CZ,2.1,0.0,2,1,0,1,2010-12,Вывести: продаж нет 6+ месяцев
85170A,SET/6 IVORY BIRD T-LIGHT CANDLES,C,Z,CZ,2.1,0.0,1,1,1,1,2010-12,Вывести: продаж нет 6+ месяцев
20860,GOLD COSMETICS BAG WITH BUTTERFLY,C,Z,CZ,2.1,0.0,1,1,0,1,2010-12,Вывести: продаж нет 6+ месяцев
77079,DOLPHIN WINDMILL,C,Z,CZ,2.12,0.0,1,1,1,1,2011-06,Кандидат на вывод: редкий хаотичный спрос
46115B,GREEN POP ART MAO CUSHION COVER,C,Z,CZ,2.2800000000000002,0.0,12,2,1,2,2011-03,Вывести: продаж нет 6+ месяцев
37330,SPOTS MUG,C,Z,CZ,2.34,0.0,6,1,1,1,2011-03,Вывести: продаж нет 6+ месяцев
84201B,HAPPY BIRTHDAY CARD STRIPEY TEDDY,C,Z,CZ,2.47,0.0,13,2,2,2,2011-11,Кандидат на вывод: редкий хаотичный спрос
90037A,TINY CRYSTAL BRACELET RED,C,Z,CZ,2.48,0.0,1,1,0,1,2011-01,Вывести: продаж нет 6+ месяцев
62096B,PURPLE/TURQ FLOWERS HANDBAG,C,Z,CZ,2.5,0.0,2,1,1,1,2011-03,Вывести: продаж нет 6+ месяцев
90214O,"LETTER ""O"" BLING KEY RING",C,Z,CZ,2.51,0.0,3,3,0,3,2011-10,Кандидат на вывод: редкий хаотичный спрос
35609A,PINK FEATHER CHRISTMAS DECORATION,C,Z,CZ,2.51,0.0,1,1,0,1,2010-12,Вывести: продаж нет 6+ месяцев
17028J,INCENSE BAZAAR PEACH,C,Z,CZ,2.52,0.0,6,1,1,1,2011-01,Вывести: продаж нет 6+ месяцев
90100,NECKLACE+BRACELET SET PINK DAISY,C,Z,CZ,2.55,0.0,1,1,1,1,2011-02,Вывести: продаж нет 6+ месяцев
79157B,UBO-LIGHT TRIOBASE BLUE,C,Z,CZ,2.55,0.0,3,1,1,1,2011-10,Кандидат на вывод: редкий хаотичный спрос
47013A,WINE BOTTLE DRESSING LT.BLUE,C,Z,CZ,3.0399999999999996,0.0,14,4,4,2,2011-04,Вывести: продаж нет 6+ месяцев
10123C,HEARTS WRAPPING TAPE,C,Z,CZ,3.25,0.0,5,3,3,2,2011-03,Вывести: продаж нет 6+ месяцев
90187A,BLUE DROP EARRINGS W BEAD CLUSTER,C,Z,CZ,3.32,0.0,1,1,0,1,2011-02,Вывести: продаж нет 6+ месяцев
90214W,"LETTER ""W"" BLING KEY RING",C,Z,CZ,3.34,0.0,4,4,0,4,2011-07,Кандидат на вывод: редкий хаотичный спрос
22528,GARDENERS KNEELING PAD,C,Z,CZ,3.36,0.0,1,1,0,1,2010-12,Вывести: продаж нет 6+ месяцев
90126A,PINK BERTIE MOBILE PHONE CHARM,C,Z,CZ,3.36,0.0,1,1,0,1,2010-12,Вывести: продаж нет 6+ месяцев
85119,WATERING CAN SINGLE HOOK PISTACHIO,C,Z,CZ,3.36,0.0,1,1,0,1,2010-12,Вывести: продаж нет 6+ месяцев
21160,KEEP OUT GIRLS DOOR HANGER,C,Z,CZ,3.36,0.0,1,1,0,1,2010-12,Вывести: продаж нет 6+ месяцев
84802A,WHITE ANEMONE ARTIFICIAL FLOWER,C,Z,CZ,3.38,0.0,2,1,1,1,2010-12,Вывести: продаж нет 6+ месяцев
16202A,PASTEL PINK PHOTO ALBUM,C,Z,CZ,3.5,0.0,7,2,2,2,2011-04,Вывести: продаж нет 6+ месяцев
84270,ASSTD DESIGN BUBBLE GUM RING,C,Z,CZ,3.5700000000000003,0.0,17,4,0,1,2010-12,Вывести: продаж нет 6+ месяцев
16010,FOLDING CAMPING SCISSOR W/KNIF & S,C,Z,CZ,3.5999999999999996,0.0,30,3,3,3,2011-03,Вывести: продаж нет 6+ месяцев
35271S,GOLD PRINT PAPER BAG,C,Z,CZ,3.6100000000000003,0.0,19,2,2,1,2010-12,Вывести: продаж нет 6+ месяцев
90025B,BAROQUE BUTTERFLY EARRINGS RED,C,Z,CZ,3.73,0.0,1,1,0,1,2011-04,Вывести: продаж нет 6+ месяцев
90025E,BAROQUE BUTTERFLY EARRINGS MONTANA,C,Z,CZ,3.73,0.0,1,1,0,1,2011-06,Кандидат на вывод: редкий хаотичный спрос
79192A,RETRO PLASTIC 70'S TRAY,C,Z,CZ,3.75,0.0,3,2,2,2,2011-02,Вывести: продаж нет 6+ месяцев
37464,ROBOT MUG IN DISPLAY BOX,C,Z,CZ,3.75,0.0,3,2,2,1,2010-12,Вывести: продаж нет 6+ месяцев
90128B,BLUE LEAVES AND BEADS PHONE CHARM,C,Z,CZ,3.76,0.0,2,2,1,1,2010-12,Вывести: продаж нет 6+ месяцев
44091A,BLUE CRUSOE CHECK LAMPSHADE,C,Z,CZ,3.78,0.0,9,3,3,2,2011-07,Кандидат на вывод: редкий хаотичный спрос
17174,ASSTD RASTA KEY-CHAINS,C,Z,CZ,3.7800000000000002,0.0,9,3,3,2,2011-11,Кандидат на вывод: редкий хаотичный спрос
22206,"MUG , DOTCOMGIFTSHOP.COM",C,Z,CZ,4.17,0.0,5,5,0,5,2011-11,Кандидат на вывод: редкий хаотичный спрос
47016,LIGHT DECORATION BATTERY OPERATED,C,Z,CZ,4.2,0.0,2,1,1,1,2011-11,Кандидат на вывод: редкий хаотичный спрос
20861,GOLD COSMETIC BAG PINK STAR,C,Z,CZ,4.2,0.0,2,2,2,1,2010-12,Вывести: продаж нет 6+ месяцев
22218,CAKE STAND LACE WHITE,C,Z,CZ,4.25,0.0,1,1,1,1,2010-12,Вывести: продаж нет 6+ месяцев
84732D,CUTE RABBIT CEATURE SCREEN,C,Z,CZ,4.29,0.0,11,2,2,2,2011-08,Кандидат на вывод: редкий хаотичный спрос
84206A,3 BLACK CATS W HEARTS BLANK CARD,C,Z,CZ,4.5600000000000005,0.0,24,3,3,2,2011-11,Кандидат на вывод: редкий хаотичный спрос
71215,METAL BASE FOR CANDLES,C,Z,CZ,4.62,0.0,11,2,2,2,2011-05,Вывести: продаж нет 6+ месяцев
79151B,"SILICON CUBE 25W, BLUE",C,Z,CZ,4.62,0.0,11,2,2,2,2011-11,Кандидат на вывод: редкий хаотичный спрос
84613C,BLUE NEW BAROQUE FLOCK CANDLESTICK,C,Z,CZ,4.65,0.0,1,1,1,1,2010-12,Вывести: продаж нет 6+ месяцев
84971L,LARGE HEART FLOWERS HOOK,C,Z,CZ,4.92,0.0001,2,1,0,1,2011-11,Кандидат на вывод: редкий хаотичный спрос
90127A,PINK BEADS+HAND PHONE CHARM,C,Z,CZ,4.92,0.0001,2,1,0,1,2011-07,Кандидат на вывод: редкий хаотичный спрос
85031B,BLOSSOM IMAGES SCRAP BOOK SET,C,Z,CZ,4.95,0.0001,1,1,1,1,2010-12,Вывести: продаж нет 6+ месяцев
90081B,LILY BROOCH WHITE/SILVER COLOUR,C,Z,CZ,4.95,0.0001,1,1,0,1,2011-05,Вывести: продаж нет 6+ месяцев
35650,VINTAGE BEAD PINK JEWEL STAND,C,Z,CZ,4.95,0.0001,1,1,1,1,2011-08,Кандидат на вывод: редкий хаотичный спрос
90128D,PURPLE LEAVES AND BEADS PHONE CHAR,C,Z,CZ,4.97,0.0001,2,2,0,2,2011-02,Вывести: продаж нет 6+ месяцев
90128C,GREEN LEAVES AND BEADS PHONE CHARM,C,Z,CZ,4.97,0.0001,2,2,0,2,2011-09,Кандидат на вывод: редкий хаотичный спрос
90135A,ORANGE/FUSCHIA STONES NECKLACE,C,Z,CZ,4.98,0.0001,1,1,0,1,2011-04,Вывести: продаж нет 6+ месяцев
22034,ROBIN CHRISTMAS CARD,C,Z,CZ,5.02,0.0001,10,4,1,2,2011-11,Кандидат на вывод: редкий хаотичный спрос
84803A,PINK ALLIUM  ARTIFICIAL FLOWER,C,Z,CZ,5.07,0.0001,3,1,0,1,2011-02,Вывести: продаж нет 6+ месяцев
90142A,GREEN PENDANT SHELL NECKLACE,C,Z,CZ,5.09,0.0001,1,1,0,1,2010-12,Вывести: продаж нет 6+ месяцев
37509,NEW ENGLAND MUG W GIFT BOX,C,Z,CZ,5.1,0.0001,2,2,2,1,2010-12,Вывести: продаж нет 6+ месяцев
20964,POLYESTER FILLER PAD 60x40cm,C,Z,CZ,5.1,0.0001,2,1,1,1,2011-05,Вывести: продаж нет 6+ месяцев
81953P,ROUND ARTICULATED PINK CLOCK W/SUCK,C,Z,CZ,5.32,0.0001,28,3,2,1,2011-07,Кандидат на вывод: редкий хаотичный спрос
90214Y,"LETTER ""Y"" BLING KEY RING",C,Z,CZ,5.4399999999999995,0.0001,6,6,1,5,2011-10,Кандидат на вывод: редкий хаотичный спрос
35004P,SET OF 3 PINK FLYING DUCKS,C,Z,CZ,5.45,0.0001,1,1,1,1,2010-12,Вывести: продаж нет 6+ месяцев
21839,MUMMY MOUSE RED GINGHAM RIBBON,C,Z,CZ,5.45,0.0001,1,1,1,1,2011-03,Вывести: продаж нет 6+ месяцев
90011C,GREEN CRYSTAL DROP EARRINGS,C,Z,CZ,5.8,0.0001,2,2,0,2,2011-11,Кандидат на вывод: редкий хаотичный спрос
90067B,BROWN VINTAGE VICTORIAN EARRINGS,C,Z,CZ,5.8,0.0001,2,2,0,1,2011-07,Кандидат на вывод: редкий хаотичный спрос
90179B,PURPLE FINE BEAD NECKLACE W TASSEL,C,Z,CZ,5.82,0.0001,1,1,0,1,2011-11,Кандидат на вывод: редкий хаотичный спрос
35598C,WHITE CHRISTMAS TREE 60CM,C,Z,CZ,5.9,0.0001,2,2,2,1,2011-11,Кандидат на вывод: редкий хаотичный спрос
79161A,ST GEORGE SET OF 10 PARTY LIGHTS,C,Z,CZ,5.9,0.0001,2,2,2,1,2011-11,Кандидат на вывод: редкий хаотичный спрос
84499,BLACK FLOWER CANDLE PLATE,C,Z,CZ,5.949999999999999,0.0001,7,2,2,2,2011-01,Вывести: продаж нет 6+ месяцев
90060B,FIRE POLISHED GLASS NECKL GOLD,C,Z,CZ,5.95,0.0001,1,1,1,1,2010-12,Вывести: продаж нет 6+ месяцев
90152C,BLUE/NAT SHELL NECKLACE W PENDANT,C,Z,CZ,5.95,0.0001,1,1,1,1,2011-02,Вывести: продаж нет 6+ месяцев
35591T,TURQUOISE CHRISTMAS TREE,C,Z,CZ,6.25,0.0001,5,4,4,3,2011-11,Кандидат на вывод: редкий хаотичный спрос
21228,"POCKET MIRROR ""GLAMOROUS""",C,Z,CZ,6.25,0.0001,5,2,2,2,2011-03,Вывести: продаж нет 6+ месяцев
44089A,PINK GAUZE BUTTERFLY LAMPSHADE,C,Z,CZ,6.3,0.0001,15,4,4,4,2011-11,Кандидат на вывод: редкий хаотичный спрос
85224,ASSORTED COLOUR SILK GLASSES CASE,C,Z,CZ,6.300000000000001,0.0001,3,1,1,1,2011-03,Вывести: продаж нет 6+ месяцев
90126C,AMBER BERTIE MOBILE PHONE CHARM,C,Z,CZ,6.58,0.0001,2,1,0,1,2011-07,Кандидат на вывод: редкий хаотичный спрос
37491B,BLUE/YELLOW CERAMIC CANDLE HOLDER,C,Z,CZ,6.6,0.0001,4,1,1,1,2011-07,Кандидат на вывод: редкий хаотичный спрос
35833G,4 GOLD FLOCK CHRISTMAS BALLS,C,Z,CZ,6.72,0.0001,2,1,0,1,2010-12,Вывести: продаж нет 6+ месяцев
10124A,SPOTS ON RED BOOKCOVER TAPE,C,Z,CZ,6.72,0.0001,16,5,5,4,2011-11,Кандидат на вывод: редкий хаотичный спрос
21186,WHITE DOVE HONEYCOMB PAPER GARLAND,C,Z,CZ,6.72,0.0001,2,1,0,1,2010-12,Вывести: продаж нет 6+ месяцев
62074B,ELEPHANT CLIP W SUCTION CUP,C,Z,CZ,6.72,0.0001,16,4,4,4,2011-07,Кандидат на вывод: редкий хаотичный спрос
84802B,PURPLE ANEMONE ARTIFICIAL FLOWER,C,Z,CZ,6.76,0.0001,4,1,1,1,2011-03,Вывести: продаж нет 6+ месяцев
35443,RASTA IN BATH W SPLIFF ASHTRAY,C,Z,CZ,6.8,0.0001,8,6,5,6,2011-11,Кандидат на вывод: редкий хаотичный спрос
10124G,ARMY CAMO BOOKCOVER TAPE,C,Z,CZ,7.14,0.0001,17,4,4,4,2011-11,Кандидат на вывод: редкий хаотичный спрос
79149B,SILICON STAR BULB  BLUE,C,Z,CZ,7.140000000000001,0.0001,17,7,7,5,2011-11,Кандидат на вывод: редкий хаотичный спрос
71496B,A4 WALL TIDY RED FLOWERS,C,Z,CZ,7.37,0.0001,13,4,4,3,2011-11,Кандидат на вывод: редкий хаотичный спрос
90128A,PINK LEAVES AND BEADS PHONE CHARM,C,Z,CZ,7.43,0.0001,3,2,0,2,2011-07,Кандидат на вывод: редкий хаотичный спрос
62097B,BLUE STRIPES SHOULDER BAG,C,Z,CZ,7.469999999999999,0.0001,9,3,2,2,2011-05,Вывести: продаж нет 6+ месяцев
84805B,BLUE CLIMBING HYDRANGA ART FLOWER,C,Z,CZ,7.5,0.0001,2,1,1,1,2011-09,Кандидат на вывод: редкий хаотичный спрос
37379A,PINK CHERRY BLOSSOM CUP & SAUCER,C,Z,CZ,7.5,0.0001,6,1,1,1,2011-01,Вывести: продаж нет 6+ месяцев
90068,"RUBY GLASS NECKLACE 42""",C,Z,CZ,7.5,0.0001,1,1,0,1,2011-03,Вывести: продаж нет 6+ месяцев
90025A,BAROQUE BUTTERFLY EARRINGS BLACK,C,Z,CZ,7.5,0.0001,2,2,2,2,2011-10,Кандидат на вывод: редкий хаотичный спрос
17191A,ROSE FLOWER CANDLE+INCENSE 16X16CM,C,Z,CZ,7.5,0.0001,2,1,1,1,2011-11,Кандидат на вывод: редкий хаотичный спрос
21827,EIGHT PIECE CREEPY CRAWLIE SET,C,Z,CZ,7.5,0.0001,6,3,3,2,2011-03,Вывести: продаж нет 6+ месяцев
16202E,BLACK PHOTO ALBUM,C,Z,CZ,7.5,0.0001,15,3,3,1,2011-04,Вывести: продаж нет 6+ месяцев
85189,HANGING BUTTERFLY  EGG,C,Z,CZ,7.6499999999999995,0.0001,9,3,2,2,2011-03,Вывести: продаж нет 6+ месяцев
90042A,FRESHWATER PEARL BRACELET GOLD,C,Z,CZ,7.6499999999999995,0.0001,3,2,1,2,2011-04,Вывести: продаж нет 6+ месяцев
35607A,PINK FLUFFY CHRISTMAS DECORATION,C,Z,CZ,7.82,0.0001,26,2,1,2,2011-01,Вывести: продаж нет 6+ месяцев
16244B,MAXWELL 2 TONE BLUE 60 PAGE PHOTO A,C,Z,CZ,7.85,0.0001,7,2,2,2,2011-05,Вывести: продаж нет 6+ месяцев
84924F,PSYCHEDELIC METAL SIGN CALENDAR,C,Z,CZ,7.9,0.0001,10,3,3,1,2011-07,Кандидат на вывод: редкий хаотичный спрос
21594,Dr. Jam's Arouzer Stress Ball,C,Z,CZ,8.34,0.0001,2,2,0,2,2011-01,Вывести: продаж нет 6+ месяцев
90214Z,"LETTER ""Z"" BLING KEY RING",C,Z,CZ,8.36,0.0001,10,9,0,7,2011-10,Кандидат на вывод: редкий хаотичный спрос
20871,OPULENT VELVET SET/3 CANDLES,C,Z,CZ,8.42,0.0001,2,1,0,1,2010-12,Вывести: продаж нет 6+ месяцев
84975,HEART SHAPED MIRROR,C,Z,CZ,8.45,0.0001,5,2,2,1,2010-12,Вывести: продаж нет 6+ месяцев
72803B,OCEAN SCENT CANDLE JEWELLED DRAWER,C,Z,CZ,8.47,0.0001,1,1,0,1,2010-12,Вывести: продаж нет 6+ месяцев
21410,COUNTRY COTTAGE  DOORSTOP GREEN,C,Z,CZ,8.47,0.0001,1,1,0,1,2010-12,Вывести: продаж нет 6+ месяцев
90167,BEADED LOVE HEART JEWELLERY SET,C,Z,CZ,8.5,0.0001,10,1,1,1,2010-12,Вывести: продаж нет 6+ месяцев
90102,WHITE FRANGIPANI HAIR CLIP,C,Z,CZ,8.5,0.0001,10,1,1,1,2011-06,Кандидат на вывод: редкий хаотичный спрос
44265,M/COLOUR POM-POM CURTAIN,C,Z,CZ,8.5,0.0001,2,1,1,1,2011-02,Вывести: продаж нет 6+ месяцев
84732B,CUTE BIRD CEATURE SCREEN,C,Z,CZ,8.58,0.0001,22,2,2,2,2011-08,Кандидат на вывод: редкий хаотичный спрос
81950V,FLOWER PURPLE CLOCK W/SUCKER,C,Z,CZ,8.6,0.0001,20,6,6,4,2011-07,Кандидат на вывод: редкий хаотичный спрос
90130D,RED STONE/CRYSTAL EARRINGS,C,Z,CZ,8.7,0.0001,3,3,0,2,2011-11,Кандидат на вывод: редкий хаотичный спрос
16206B,RED PURSE WITH PINK HEART,C,Z,CZ,8.75,0.0001,7,2,2,2,2011-01,Вывести: продаж нет 6+ месяцев
90011E,AMBER CRYSTAL DROP EARRINGS,C,Z,CZ,8.76,0.0001,3,3,0,3,2011-09,Кандидат на вывод: редкий хаотичный спрос
90011D,PURPLE CRYSTAL DROP EARRINGS,C,Z,CZ,8.76,0.0001,3,3,0,3,2011-11,Кандидат на вывод: редкий хаотичный спрос
90027B,GLASS BEAD HOOP EARRINGS MONTANA,C,Z,CZ,8.76,0.0001,3,3,0,3,2011-11,Кандидат на вывод: редкий хаотичный спрос
90077,BLACK DIAMOND CLUSTER EARRINGS,C,Z,CZ,8.82,0.0001,3,3,0,2,2011-09,Кандидат на вывод: редкий хаотичный спрос
20906,VINTAGE NOTEBOOK BEAUTY GIRL,C,Z,CZ,8.850000000000001,0.0001,3,2,2,2,2011-04,Вывести: продаж нет 6+ месяцев
45013,FOLDING SHOE TIDY,C,Z,CZ,8.850000000000001,0.0001,3,2,2,2,2011-10,Кандидат на вывод: редкий хаотичный спрос
84773,RED ROSE AND LACE C/COVER,C,Z,CZ,8.850000000000001,0.0001,3,1,1,1,2010-12,Вывести: продаж нет 6+ месяцев
37351,ORANGE FLOWER MUG,C,Z,CZ,9.06,0.0001,10,2,1,2,2011-03,Вывести: продаж нет 6+ месяцев
90181C,BLACK GLASS/SHELL/PEARL NECKLACE,C,Z,CZ,9.15,0.0001,1,1,0,1,2011-04,Вывести: продаж нет 6+ месяцев
35809B,ENAMEL BLUE RIM TEA CONTAINER,C,Z,CZ,9.18,0.0001,8,3,3,1,2011-04,Вывести: продаж нет 6+ месяцев
71050,SMALL SINGLE FLAME CANDLE HOLDER,C,Z,CZ,9.45,0.0001,27,5,4,3,2011-11,Кандидат на вывод: редкий хаотичный спрос
44242A,LILAC FEATHERS CURTAIN,C,Z,CZ,9.48,0.0001,12,1,1,1,2011-07,Кандидат на вывод: редкий хаотичный спрос
37491D,PURPLE/BLUE CERAMIC CANDLE HOLDER,C,Z,CZ,9.879999999999999,0.0001,4,2,1,2,2011-07,Кандидат на вывод: редкий хаотичный спрос
84689,S/2 BEACH HUT TREASURE CHESTS,C,Z,CZ,9.95,0.0001,3,2,2,2,2011-05,Вывести: продаж нет 6+ месяцев
37474,SET/4 2 TONE EGG SHAPE MIXING BOWLS,C,Z,CZ,9.95,0.0001,1,1,0,1,2010-12,Вывести: продаж нет 6+ месяцев
90053,CRACKED GLAZE EARRINGS IVORY,C,Z,CZ,9.99,0.0001,4,4,0,4,2011-10,Кандидат на вывод: редкий хаотичный спрос
90037C,TINY CRYSTAL BRACELET BLUE,C,Z,CZ,10.04,0.0001,4,4,0,3,2011-07,Кандидат на вывод: редкий хаотичный спрос
90055,CRACKED GLAZE EARRINGS BROWN,C,Z,CZ,10.05,0.0001,4,4,1,3,2011-11,Кандидат на вывод: редкий хаотичный спрос
44089C,LILAC GAUZE BUTTERFLY LAMPSHADE,C,Z,CZ,10.08,0.0001,24,6,6,4,2011-09,Кандидат на вывод: редкий хаотичный спрос
85109,PINK BOUDOIR T-LIGHT HOLDER,C,Z,CZ,10.2,0.0001,12,1,1,1,2010-12,Вывести: продаж нет 6+ месяцев
40005B,BLUE ORGANDY ROUND LAMPSHADE W BEA,C,Z,CZ,10.2,0.0001,12,4,4,3,2011-11,Кандидат на вывод: редкий хаотичный спрос
35958,FOLKART ZINC STAR CHRISTMAS DEC,C,Z,CZ,10.2,0.0001,12,3,3,1,2010-12,Вывести: продаж нет 6+ месяцев
35966,FOLKART CHRISTMAS TREE T-LIGHT HOLD,C,Z,CZ,10.260000000000002,0.0001,27,2,2,2,2011-08,Кандидат на вывод: редкий хаотичный спрос
16169N,WRAP BLUE RUSSIAN FOLKART,C,Z,CZ,10.5,0.0001,25,1,1,1,2010-12,Вывести: продаж нет 6+ месяцев
16169P,WRAP GREEN RUSSIAN FOLKART,C,Z,CZ,10.5,0.0001,25,1,1,1,2010-12,Вывести: продаж нет 6+ месяцев
16161M,WRAP  PINK FLOCK,C,Z,CZ,10.5,0.0001,25,1,1,1,2010-12,Вывести: продаж нет 6+ месяцев
79026B,"S/4 ICON COASTER,ELVIS LIVES",C,Z,CZ,10.61,0.0001,25,9,7,3,2011-05,Вывести: продаж нет 6+ месяцев
37488A,YELLOW PINK FLOWER DESIGN BIG BOWL,C,Z,CZ,10.92,0.0001,28,3,3,2,2011-04,Вывести: продаж нет 6+ месяцев
90025D,BAROQUE BUTTERFLY EARRINGS PINK,C,Z,CZ,11.19,0.0001,3,3,0,3,2011-09,Кандидат на вывод: редкий хаотичный спрос
17164B,ASS COL SMALL SAND GECKO P'WEIGHT,C,Z,CZ,11.34,0.0001,27,9,9,2,2011-01,Вывести: продаж нет 6+ месяцев
90152B,BLUE/GREEN SHELL NECKLACE W PENDANT,C,Z,CZ,11.46,0.0001,2,2,1,1,2010-12,Вывести: продаж нет 6+ месяцев
90089,PINK CRYSTAL SKULL PHONE CHARM,C,Z,CZ,11.469999999999999,0.0001,7,7,0,5,2011-11,Кандидат на вывод: редкий хаотичный спрос
72798C,SET/4 GARDEN ROSE DINNER CANDLE,C,Z,CZ,11.549999999999999,0.0001,7,3,3,3,2011-02,Вывести: продаж нет 6+ месяцев
90182B,AMETHYST 3 BEAD DROP EARRINGS,C,Z,CZ,11.6,0.0001,4,4,0,2,2011-11,Кандидат на вывод: редкий хаотичный спрос
16043,POP ART PUSH DOWN RUBBER,C,Z,CZ,11.759999999999998,0.0001,98,2,2,1,2011-06,Кандидат на вывод: редкий хаотичный спрос
16162M,THE KING GIFT BAG 25x24x12cm,C,Z,CZ,11.76,0.0001,28,8,6,3,2011-11,Кандидат на вывод: редкий хаотичный спрос
35818B,"ACRYLIC JEWEL ICICLE, BLUE",C,Z,CZ,11.780000000000001,0.0001,31,3,3,3,2011-11,Кандидат на вывод: редкий хаотичный спрос
37444B,BLUE BREAKFAST CUP AND SAUCER,C,Z,CZ,11.8,0.0001,4,3,2,3,2011-03,Вывести: продаж нет 6+ месяцев
44092B,BLUE WHITE PLASTIC RINGS LAMPSHADE,C,Z,CZ,11.899999999999999,0.0001,14,5,4,5,2011-09,Кандидат на вывод: редкий хаотичный спрос
84614A,PINK BAROQUE FLOCK CANDLE HOLDER,C,Z,CZ,11.9,0.0001,2,1,1,1,2010-12,Вывести: продаж нет 6+ месяцев
84620,BLUE GINGHAM ROSE CUSHION COVER,C,Z,CZ,11.9,0.0001,2,1,1,1,2010-12,Вывести: продаж нет 6+ месяцев
90178B,PURPLE CHUNKY GLASS+BEAD NECKLACE,C,Z,CZ,11.95,0.0001,1,1,1,1,2010-12,Вывести: продаж нет 6+ месяцев
90021,LASER CUT MULTI STRAND NECKLACE,C,Z,CZ,11.95,0.0001,1,1,1,1,2011-04,Вывести: продаж нет 6+ месяцев
84016,FLAG OF ST GEORGE CAR FLAG,C,Z,CZ,12.16,0.0001,27,2,1,2,2011-09,Кандидат на вывод: редкий хаотичный спрос
79329,PINK FLOCK GLASS CANDLEHOLDER,C,Z,CZ,12.18,0.0001,12,2,2,2,2011-04,Вывести: продаж нет 6+ месяцев
37462E,"PET MUG, GOLDFISH",C,Z,CZ,12.27,0.0001,35,11,4,8,2011-11,Кандидат на вывод: редкий хаотичный спрос
90020,FILIGREE DIAMANTE CHAIN,C,Z,CZ,12.48,0.0001,1,1,0,1,2011-08,Кандидат на вывод: редкий хаотичный спрос
20671,BLUE TEATIME PRINT BOWL,C,Z,CZ,12.5,0.0001,10,2,2,1,2010-12,Вывести: продаж нет 6+ месяцев
90042C,FRESHWATER PEARL BRACELET IVORY,C,Z,CZ,12.7,0.0001,5,5,0,2,2011-01,Вывести: продаж нет 6+ месяцев
21895,POTTING SHED SOW 'N' GROW SET,C,Z,CZ,12.72,0.0001,2,2,1,1,2010-12,Вывести: продаж нет 6+ месяцев
18097A,PINK TALL PORCELAIN T-LIGHT HOLDER,C,Z,CZ,12.75,0.0001,5,4,4,3,2011-06,Кандидат на вывод: редкий хаотичный спрос
84388,WISE MAN STAR SHAPE EGG PAN,C,Z,CZ,13.14,0.0001,24,6,6,3,2011-04,Вывести: продаж нет 6+ месяцев
37491C,GREEN/BLUE CERAMIC CANDLE HOLDER,C,Z,CZ,13.2,0.0001,8,1,1,1,2011-07,Кандидат на вывод: редкий хаотичный спрос
90059C,DIAMANTE HAIR GRIP PACK/2 MONTANA,C,Z,CZ,13.239999999999998,0.0001,8,8,2,5,2011-11,Кандидат на вывод: редкий хаотичный спрос
84745A,PINK HANGING GINGHAM EASTER HEN,C,Z,CZ,13.44,0.0001,32,5,5,3,2011-04,Вывести: продаж нет 6+ месяцев
84745B,BLUE HANGING GINGHAM EASTER HEN,C,Z,CZ,13.44,0.0001,32,5,5,3,2011-04,Вывести: продаж нет 6+ месяцев
90065B,BLACK VINT ART DEC CRYSTAL BRACELET,C,Z,CZ,13.5,0.0001,2,2,1,2,2011-11,Кандидат на вывод: редкий хаотичный спрос
85017A,ENVELOPE 50 ROMANTIC IMAGES,C,Z,CZ,13.58,0.0001,16,8,2,3,2011-04,Вывести: продаж нет 6+ месяцев
37489C,GREEN/BLUE FLOWER DESIGN BIG MUG,C,Z,CZ,13.65,0.0001,23,8,8,6,2011-09,Кандидат на вывод: редкий хаотичный спрос
79336,LIGHT PINK FLOCK GLASS CANDLEHOLDER,C,Z,CZ,13.680000000000003,0.0001,36,3,2,3,2011-09,Кандидат на вывод: редкий хаотичный спрос
62043B,BLUE CHECK BAG W HANDLE 34X20CM,C,Z,CZ,14.11,0.0002,17,5,5,2,2011-05,Вывести: продаж нет 6+ месяцев
90052,CRACKED GLAZE NECKLACE BROWN,C,Z,CZ,14.14,0.0002,2,2,0,2,2011-11,Кандидат на вывод: редкий хаотичный спрос
47593A,CAROUSEL DESIGN BABY BIB,C,Z,CZ,14.37,0.0002,33,12,10,4,2011-03,Вывести: продаж нет 6+ месяцев
16202B,PASTEL BLUE PHOTO ALBUM,C,Z,CZ,14.5,0.0002,29,2,2,1,2011-04,Вывести: продаж нет 6+ месяцев
90027C,GLASS BEAD HOOP EARRINGS GREEN,C,Z,CZ,14.5,0.0002,5,5,0,4,2011-11,Кандидат на вывод: редкий хаотичный спрос
90041,PEARL AND CHERRY QUARTZ BRACLET,C,Z,CZ,14.540000000000001,0.0002,4,3,1,3,2011-09,Кандидат на вывод: редкий хаотичный спрос
90182C,BLACK 3 BEAD DROP EARRINGS,C,Z,CZ,14.559999999999999,0.0002,5,5,0,5,2011-10,Кандидат на вывод: редкий хаотичный спрос
84593,CROCHET ROSE DES CLOTHES HANGER,C,Z,CZ,14.750000000000002,0.0002,5,1,1,1,2011-03,Вывести: продаж нет 6+ месяцев
90046,WHITE WITH METAL BAG CHARM,C,Z,CZ,14.850000000000001,0.0002,3,1,1,1,2011-07,Кандидат на вывод: редкий хаотичный спрос
90048,GREEN WITH METAL BAG CHARM,C,Z,CZ,14.850000000000001,0.0002,3,1,1,1,2011-07,Кандидат на вывод: редкий хаотичный спрос
85031C,CURIOUS IMAGES SCRAP BOOK SET,C,Z,CZ,14.850000000000001,0.0002,3,1,1,1,2010-12,Вывести: продаж нет 6+ месяцев
90025F,BAROQUE BUTTERFLY EARRINGS CRYSTAL,C,Z,CZ,14.96,0.0002,4,4,1,3,2011-10,Кандидат на вывод: редкий хаотичный спрос
90059B,DIAMANTE HAIR GRIP PACK/2 BLACK DIA,C,Z,CZ,14.969999999999999,0.0002,9,8,2,4,2011-11,Кандидат на вывод: редкий хаотичный спрос
90078,PINK/WHITE GLASS DEMI CHOKER,C,Z,CZ,15.0,0.0002,2,1,1,1,2010-12,Вывести: продаж нет 6+ месяцев
84462,3 PINK HEN+CHICKS IN BASKET,C,Z,CZ,15.0,0.0002,12,6,6,4,2011-04,Вывести: продаж нет 6+ месяцев
90069,RUBY GLASS CLUSTER NECKLACE,C,Z,CZ,15.0,0.0002,2,1,1,1,2011-11,Кандидат на вывод: редкий хаотичный спрос
90189A,SILVER 2 STRAND NECKLACE-LEAF CHARM,C,Z,CZ,15.0,0.0002,2,2,2,2,2011-11,Кандидат на вывод: редкий хаотичный спрос
84705C,PINK FLOCK PHOTO FRAME,C,Z,CZ,15.0,0.0002,12,1,1,1,2011-05,Вывести: продаж нет 6+ месяцев
84415A,PINK FLOCK SUEDE CUSHION COVER,C,Z,CZ,15.0,0.0002,12,2,2,1,2011-06,Кандидат на вывод: редкий хаотичный спрос
35610A,PINK CHRISTMAS FLOCK DROPLET,C,Z,CZ,15.02,0.0002,10,3,1,1,2010-12,Вывести: продаж нет 6+ месяцев
90140,PINK SWEETIE NECKLACE,C,Z,CZ,15.120000000000001,0.0002,2,2,0,2,2011-08,Кандидат на вывод: редкий хаотичный спрос
72024U,LILAC VOTIVE CANDLE,C,Z,CZ,15.120000000000001,0.0002,72,3,3,2,2011-06,Кандидат на вывод: редкий хаотичный спрос
90188,DROP EARRINGS W FLOWER & LEAF,C,Z,CZ,15.14,0.0002,6,5,2,5,2011-11,Кандидат на вывод: редкий хаотичный спрос
90132,LIGHT TOPAZ TEAL/AQUA COL NECKLACE,C,Z,CZ,15.16,0.0002,3,3,0,3,2011-08,Кандидат на вывод: редкий хаотичный спрос
20816,GOLD FLOWER CUSHION COVER,C,Z,CZ,15.6,0.0002,8,2,1,1,2011-04,Вывести: продаж нет 6+ месяцев
78034B,BLUE NETTING STORAGE HANGER,C,Z,CZ,15.6,0.0002,8,6,6,5,2011-10,Кандидат на вывод: редкий хаотичный спрос
85136B,BLUE SHARK HELICOPTER,C,Z,CZ,15.9,0.0002,2,2,2,1,2010-12,Вывести: продаж нет 6+ месяцев
84795C,OCEAN STRIPE HAMMOCK,C,Z,CZ,15.9,0.0002,2,1,1,1,2011-01,Вывести: продаж нет 6+ месяцев
72815,3 WICK CHRISTMAS BRIAR CANDLE,C,Z,CZ,15.97,0.0002,3,2,1,2,2011-01,Вывести: продаж нет 6+ месяцев
16248B,BLUE HOLE PUNCH,C,Z,CZ,16.25,0.0002,13,7,7,5,2011-10,Кандидат на вывод: редкий хаотичный спрос
35647,VINTAGE BEAD PINK SHADE,C,Z,CZ,16.25,0.0002,13,2,2,2,2011-03,Вывести: продаж нет 6+ месяцев
90137,PINK COMBO MINI CRYSTALS NECKLACE,C,Z,CZ,16.310000000000002,0.0002,3,3,0,3,2011-07,Кандидат на вывод: редкий хаотичный спрос
90016C,SILVER/BLACK PENDANT ORBIT NECKLACE,C,Z,CZ,16.64,0.0002,2,2,0,2,2011-06,Кандидат на вывод: редкий хаотичный спрос
21144,PINK POODLE HANGING DECORATION,C,Z,CZ,16.8,0.0002,5,2,0,1,2010-12,Вывести: продаж нет 6+ месяцев
90024E,NEW BAROQUE B'FLY NECKLACE MONTANA,C,Z,CZ,16.810000000000002,0.0002,2,2,0,2,2011-03,Вывести: продаж нет 6+ месяцев
90024D,NEW BAROQUE B'FLY NECKLACE PINK,C,Z,CZ,16.82,0.0002,2,2,1,2,2011-09,Кандидат на вывод: редкий хаотичный спрос
21595,Dad's Cab Electronic Meter,C,Z,CZ,16.94,0.0002,2,2,0,1,2010-12,Вывести: продаж нет 6+ месяцев
20954,*USB Office Mirror Ball,C,Z,CZ,16.94,0.0002,2,2,0,1,2010-12,Вывести: продаж нет 6+ месяцев
21120,*Boombox Ipod Classic,C,Z,CZ,16.98,0.0002,1,1,0,1,2010-12,Вывести: продаж нет 6+ месяцев
44092C,PURPLE/COPPER HANGING LAMPSHADE,C,Z,CZ,17.0,0.0002,20,8,5,5,2011-10,Кандидат на вывод: редкий хаотичный спрос
90026A,GLASS BEAD HOOP NECKLACE BLACK,C,Z,CZ,17.0,0.0002,2,1,1,1,2011-06,Кандидат на вывод: редкий хаотичный спрос
35645,VINTAGE BEAD PINK JEWEL BOX,C,Z,CZ,17.0,0.0002,4,3,2,2,2011-10,Кандидат на вывод: редкий хаотичный спрос
47574B,ENGLISH ROSE SCENTED HANGING HEART,C,Z,CZ,17.0,0.0002,4,2,2,1,2011-05,Вывести: продаж нет 6+ месяцев
85084,HOLLY TOP CHRISTMAS STOCKING,C,Z,CZ,17.0,0.0002,20,7,6,1,2010-12,Вывести: продаж нет 6+ месяцев
35597D,PINK/WHITE CHRISTMAS TREE 30CM,C,Z,CZ,17.48,0.0002,46,2,2,2,2011-09,Кандидат на вывод: редкий хаотичный спрос
90130A,WHITE STONE/CRYSTAL EARRINGS,C,Z,CZ,17.5,0.0002,6,6,1,3,2011-11,Кандидат на вывод: редкий хаотичный спрос
79331,PINK FLOCK GLASS CANDLEHOLDER,C,Z,CZ,17.5,0.0002,26,3,3,2,2011-04,Вывести: продаж нет 6+ месяцев
90011A,MIDNIGHT BLUE CRYSTAL DROP EARRINGS,C,Z,CZ,17.509999999999998,0.0002,6,6,1,4,2011-11,Кандидат на вывод: редкий хаотичный спрос
90054,CRACKED GLAZE EARRINGS RED,C,Z,CZ,17.62,0.0002,7,7,1,5,2011-11,Кандидат на вывод: редкий хаотичный спрос
90027A,GLASS BEAD HOOP EARRINGS BLACK,C,Z,CZ,17.66,0.0002,6,3,1,2,2011-08,Кандидат на вывод: редкий хаотичный спрос
90162A,ANT SILVER TURQUOISE BOUDICCA RING,C,Z,CZ,17.700000000000003,0.0002,6,1,1,1,2011-11,Кандидат на вывод: редкий хаотичный спрос
20935,ROUND CACTUS CANDLE,C,Z,CZ,17.700000000000003,0.0002,6,4,4,2,2011-11,Кандидат на вывод: редкий хаотичный спрос
84856L,LARGE TAHITI BEACH BAG,C,Z,CZ,17.82,0.0002,2,2,0,2,2011-03,Вывести: продаж нет 6+ месяцев
90060D,FIRE POLISHED GLASS NECKL BRONZE,C,Z,CZ,17.85,0.0002,3,3,3,1,2010-12,Вывести: продаж нет 6+ месяцев
21661,VINTAGE GLASS TEA CADDY,C,Z,CZ,17.85,0.0002,3,3,3,2,2011-02,Вывести: продаж нет 6+ месяцев
72821,CUPID SCENTED CANDLE IN GLASS,C,Z,CZ,18.15,0.0002,11,4,4,2,2011-02,Вывести: продаж нет 6+ месяцев
35607B,BLACK FEATHER CHRISTMAS DECORATION,C,Z,CZ,18.240000000000002,0.0002,96,7,7,5,2011-09,Кандидат на вывод: редкий хаотичный спрос
84856S,SMALL TAHITI BEACH BAG,C,Z,CZ,18.6,0.0002,4,1,0,1,2011-03,Вывести: продаж нет 6+ месяцев
21538,DAIRY MAID  PUDDING BOWL,C,Z,CZ,18.75,0.0002,5,2,2,1,2010-12,Вывести: продаж нет 6+ месяцев
21416,CLAM SHELL LARGE,C,Z,CZ,18.75,0.0002,5,4,4,3,2011-03,Вывести: продаж нет 6+ месяцев
90039C,FIRE POLISHED GLASS BRACELET BLACK,C,Z,CZ,18.75,0.0002,5,5,1,4,2011-11,Кандидат на вывод: редкий хаотичный спрос
85047,WHITE BEADED GARLAND STRING 20LIGHT,C,Z,CZ,19.049999999999997,0.0002,3,2,2,1,2011-01,Вывести: продаж нет 6+ месяцев
79062D,"RETRO TIN ASHTRAY,REVOLUTIONARY",C,Z,CZ,19.4,0.0002,52,4,4,3,2011-08,Кандидат на вывод: редкий хаотичный спрос
85028L,FRENCH CHATEAU LARGE FRUIT BOWL,C,Z,CZ,19.5,0.0002,10,4,4,2,2011-04,Вывести: продаж нет 6+ месяцев
90083,CRYSTAL CZECH CROSS PHONE CHARM,C,Z,CZ,19.56,0.0002,12,7,1,3,2011-11,Кандидат на вывод: редкий хаотичный спрос
37487B,YELLOW/ORANGE FLOWER DESIGN PLATE,C,Z,CZ,19.72,0.0002,68,2,2,1,2011-04,Вывести: продаж нет 6+ месяцев
90156,RESIN BRACELET W PASTEL BEADS,C,Z,CZ,19.8,0.0002,4,3,2,3,2011-09,Кандидат на вывод: редкий хаотичный спрос
37491A,YELLOW/PINK CERAMIC CANDLE HOLDER,C,Z,CZ,19.81,0.0002,6,4,0,4,2011-10,Кандидат на вывод: редкий хаотичный спрос
35817P,"ACRYLIC JEWEL SNOWFLAKE,PINK",C,Z,CZ,19.86,0.0002,18,2,2,2,2011-08,Кандидат на вывод: редкий хаотичный спрос
21681,GIANT MEDINA STAMPED METAL BOWL,C,Z,CZ,19.9,0.0002,2,2,2,1,2011-02,Вывести: продаж нет 6+ месяцев
84415B,BLUE FLOCK CUSHION COVER,C,Z,CZ,20.0,0.0002,8,3,2,3,2011-06,Кандидат на вывод: редкий хаотичный спрос
90034,WHITE SILVER NECKLACE SHELL GLASS,C,Z,CZ,20.17,0.0002,2,2,0,2,2011-04,Вывести: продаж нет 6+ месяцев
20793,BLUE TILED TRAY,C,Z,CZ,20.25,0.0002,3,3,3,3,2011-09,Кандидат на вывод: редкий хаотичный спрос
90182A,AMBER 3 BEAD DROP EARRINGS,C,Z,CZ,20.3,0.0002,7,7,0,4,2011-11,Кандидат на вывод: редкий хаотичный спрос
90141D,ROSE PENDANT TRIPLE SHELL NECKLACE,C,Z,CZ,20.36,0.0002,4,2,1,2,2011-07,Кандидат на вывод: редкий хаотичный спрос
17001,HEAVENS SCENT FRAGRANCE OILS ASSTD,C,Z,CZ,20.88,0.0002,72,1,1,1,2011-02,Вывести: продаж нет 6+ месяцев
90001A,ANTIQUE RASPBERRY FLOWER EARRINGS,C,Z,CZ,20.950000000000003,0.0002,5,4,1,4,2011-10,Кандидат на вывод: редкий хаотичный спрос
90125E,AMBER BERTIE GLASS BEAD BAG CHARM,C,Z,CZ,21.05,0.0002,11,10,1,2,2011-05,Вывести: продаж нет 6+ месяцев
90001C,ANTIQUE OPAL WHITE FLOWER EARRINGS,C,Z,CZ,21.130000000000003,0.0002,5,5,2,4,2011-10,Кандидат на вывод: редкий хаотичный спрос
90001B,ANTIQUE MID BLUE FLOWER EARRINGS,C,Z,CZ,21.15,0.0002,5,3,2,3,2011-11,Кандидат на вывод: редкий хаотичный спрос
20695,FLORAL BLUE MONSTER,C,Z,CZ,21.25,0.0002,5,4,4,4,2011-11,Кандидат на вывод: редкий хаотичный спрос
84551,CROCHET DOG KEYRING,C,Z,CZ,21.449999999999996,0.0002,13,2,1,2,2011-10,Кандидат на вывод: редкий хаотичный спрос
90059F,DIAMANTE HAIR GRIP PACK/2 LT ROSE,C,Z,CZ,21.49,0.0002,13,11,2,6,2011-11,Кандидат на вывод: редкий хаотичный спрос
90035C,"PEARL & SHELL 42""NECKL. IVORY",C,Z,CZ,21.5,0.0002,2,1,1,1,2011-05,Вывести: продаж нет 6+ месяцев
79191D,RETRO PLASTIC DAISY TRAY,C,Z,CZ,21.669999999999998,0.0002,19,12,5,6,2011-11,Кандидат на вывод: редкий хаотичный спрос
90027D,GLASS BEAD HOOP EARRINGS AMETHYST,C,Z,CZ,21.76,0.0002,7,4,1,3,2011-11,Кандидат на вывод: редкий хаотичный спрос
90056,CHUNKY CRACKED GLAZE NECKLACE IVORY,C,Z,CZ,21.87,0.0002,2,2,0,2,2011-09,Кандидат на вывод: редкий хаотичный спрос
21461,BLUE EASTER EGG HUNT START POST,C,Z,CZ,21.91,0.0002,9,5,3,3,2011-04,Вывести: продаж нет 6+ месяцев
21018,BIRD BOX CHRISTMAS TREE DECORATION,C,Z,CZ,22.06,0.0002,24,6,4,1,2010-12,Вывести: продаж нет 6+ месяцев
90176A,CLASSIC DIAMANTE NECKLACE JET,C,Z,CZ,22.48,0.0002,3,2,1,2,2011-11,Кандидат на вывод: редкий хаотичный спрос
90093,CLEAR CRYSTAL STAR PHONE CHARM,C,Z,CZ,22.49,0.0002,20,8,3,8,2011-11,Кандидат на вывод: редкий хаотичный спрос
90037B,TINY CRYSTAL BRACELET GREEN,C,Z,CZ,22.799999999999997,0.0002,9,4,1,3,2011-08,Кандидат на вывод: редкий хаотичный спрос
22351,DOTCOMGIFTSHOP TEA TOWEL,C,Z,CZ,23.089999999999996,0.0002,13,2,1,2,2011-06,Кандидат на вывод: редкий хаотичный спрос
85206B,PINK FELT EASTER EGG BASKET,C,Z,CZ,23.099999999999998,0.0002,14,4,4,1,2011-01,Вывести: продаж нет 6+ месяцев
85195,HANGING HEART BASKET,C,Z,CZ,23.1,0.0002,11,3,3,3,2011-03,Вывести: продаж нет 6+ месяцев
90104,PURPLE FRANGIPANI HAIRCLIP,C,Z,CZ,23.16,0.0002,28,12,1,4,2011-04,Вывести: продаж нет 6+ месяцев
90176C,DIAMANTE NECKLACE,C,Z,CZ,23.32,0.0002,3,2,1,2,2011-08,Кандидат на вывод: редкий хаотичный спрос
90177E,DROP DIAMANTE EARRINGS GREEN,C,Z,CZ,23.38,0.0002,8,8,0,6,2011-11,Кандидат на вывод: редкий хаотичный спрос
35909A,RABBIT EASTER DECORATION,C,Z,CZ,23.6,0.0003,8,3,3,3,2011-04,Вывести: продаж нет 6+ месяцев
35909B,PINK FLOWERS RABBIT EASTER,C,Z,CZ,23.6,0.0003,8,2,2,2,2011-06,Кандидат на вывод: редкий хаотичный спрос
85160A,WHITE BIRD GARDEN DESIGN MUG,C,Z,CZ,23.63,0.0003,7,2,0,2,2011-01,Вывести: продаж нет 6+ месяцев
47503J,SET/3 FLORAL GARDEN TOOLS IN BAG,C,Z,CZ,23.85,0.0003,3,2,1,1,2010-12,Вывести: продаж нет 6+ месяцев
84562A,PINK/WHITE RIBBED MELAMINE JUG,C,Z,CZ,23.85,0.0003,3,3,2,2,2011-02,Вывести: продаж нет 6+ месяцев
90076,MONTANA DIAMOND CLUSTER EARRINGS,C,Z,CZ,24.119999999999997,0.0003,9,4,1,4,2011-11,Кандидат на вывод: редкий хаотичный спрос
90141E,ORANGE PENDANT TRIPLE SHELL NECKLAC,C,Z,CZ,24.75,0.0003,5,2,1,2,2011-10,Кандидат на вывод: редкий хаотичный спрос
20820,SILVER LOOKING MIRROR,C,Z,CZ,24.75,0.0003,5,2,2,2,2011-03,Вывести: продаж нет 6+ месяцев
84854,GIRLY PINK TOOL SET,C,Z,CZ,24.75,0.0003,5,1,1,1,2010-12,Вывести: продаж нет 6+ месяцев
90043,COPPER AND BRASS BAG CHARM,C,Z,CZ,24.810000000000002,0.0003,4,2,2,2,2011-10,Кандидат на вывод: редкий хаотичный спрос
85115B,S/4 BLACK DISCO PARTITION PANEL,C,Z,CZ,24.869999999999997,0.0003,3,1,0,1,2011-10,Кандидат на вывод: редкий хаотичный спрос
90013D,PURPLE VINTAGE EARRINGS,C,Z,CZ,25.17,0.0003,6,3,0,3,2011-06,Кандидат на вывод: редкий хаотичный спрос
72783,BLACK SIL'T SQU CANDLE PLATE,C,Z,CZ,25.200000000000003,0.0003,12,1,1,1,2011-11,Кандидат на вывод: редкий хаотичный спрос
90026B,GLASS BEAD HOOP NECKLACE MONTANA,C,Z,CZ,25.32,0.0003,3,3,2,2,2011-03,Вывести: продаж нет 6+ месяцев
35910B,PINK FLOWERS RABBIT EASTER,C,Z,CZ,25.349999999999998,0.0003,13,3,3,2,2011-11,Кандидат на вывод: редкий хаотичный спрос
84968B,S/16 VINTAGE IVORY CUTLERY,C,Z,CZ,25.5,0.0003,2,2,2,2,2011-04,Вывести: продаж нет 6+ месяцев
90026D,GLASS BEAD HOOP NECKLACE AMETHYST,C,Z,CZ,25.5,0.0003,3,3,3,3,2011-11,Кандидат на вывод: редкий хаотичный спрос
90214I,"LETTER ""I"" BLING KEY RING",C,Z,CZ,25.849999999999998,0.0003,25,11,1,8,2011-10,Кандидат на вывод: редкий хаотичный спрос
90183C,BLACK DROP EARRINGS W LONG BEADS,C,Z,CZ,26.15,0.0003,9,9,1,5,2011-11,Кандидат на вывод: редкий хаотичный спрос
90168,2 DAISIES HAIR COMB,C,Z,CZ,26.16,0.0003,9,8,0,5,2011-11,Кандидат на вывод: редкий хаотичный спрос
85017C,ENVELOPE 50 CURIOUS IMAGES,C,Z,CZ,26.17,0.0003,49,10,10,5,2011-05,Вывести: продаж нет 6+ месяцев
90039A,FIRE POLISHED GLASS BRACELET RED,C,Z,CZ,26.23,0.0003,7,2,1,2,2011-05,Вывести: продаж нет 6+ месяцев
90212C,PURPLE LAS VEGAS BRACELET ROUND,C,Z,CZ,26.25,0.0003,7,3,2,3,2011-09,Кандидат на вывод: редкий хаотичный спрос
72140E,BEST DAD CANDLE LETTERS,C,Z,CZ,26.349999999999998,0.0003,31,8,8,5,2011-10,Кандидат на вывод: редкий хаотичный спрос
21836,GINGHAM OVEN GLOVE RED HEART,C,Z,CZ,26.490000000000002,0.0003,5,3,2,2,2011-01,Вывести: продаж нет 6+ месяцев
90059E,DIAMANTE HAIR GRIP PACK/2 RUBY,C,Z,CZ,26.52,0.0003,16,12,2,6,2011-11,Кандидат на вывод: редкий хаотичный спрос
84675,FROG KING WATERING CAN,C,Z,CZ,26.55,0.0003,9,2,2,1,2011-01,Вывести: продаж нет 6+ месяцев
35598A,DUSTY PINK CHRISTMAS TREE 60CM,C,Z,CZ,26.550000000000004,0.0003,9,2,2,1,2011-11,Кандидат на вывод: редкий хаотичный спрос
90085,CRYSTAL STILETTO PHONE CHARM,C,Z,CZ,26.56,0.0003,22,9,1,6,2011-08,Кандидат на вывод: редкий хаотичный спрос
85126,LARGE ROUND CUTGLASS CANDLESTICK,C,Z,CZ,27.14,0.0003,2,1,0,1,2010-12,Вывести: продаж нет 6+ месяцев
84613A,PINK NEW BAROQUE FLOCK CANDLESTICK,C,Z,CZ,27.900000000000002,0.0003,6,3,3,3,2011-02,Вывести: продаж нет 6+ месяцев
90005A,JADE GREEN ENAMEL HAIR COMB,C,Z,CZ,28.02,0.0003,14,10,0,3,2011-04,Вывести: продаж нет 6+ месяцев
20857,BLUE ROSE PATCH PURSE PINK BUTTERFL,C,Z,CZ,28.049999999999997,0.0003,17,7,6,2,2011-02,Вывести: продаж нет 6+ месяцев
84798B,PURPLE FOXGLOVE ARTIIFCIAL FLOWER,C,Z,CZ,28.049999999999997,0.0003,11,3,2,2,2011-03,Вывести: продаж нет 6+ месяцев
17165D,ASS COL LARGE SAND FROG P'WEIGHT,C,Z,CZ,28.35,0.0003,27,7,6,2,2011-01,Вывести: продаж нет 6+ месяцев
84803B,WHITE ALLIUM  ARTIFICIAL FLOWER,C,Z,CZ,28.73,0.0003,17,4,3,2,2011-08,Кандидат на вывод: редкий хаотичный спрос
90152A,SILVER/NAT SHELL NECKLACE W PENDANT,C,Z,CZ,28.76,0.0003,5,5,3,5,2011-11,Кандидат на вывод: редкий хаотичный спрос
21011,GLITTER SNOW PEAR TREE DECORATION,C,Z,CZ,28.999999999999996,0.0003,20,3,2,1,2010-12,Вывести: продаж нет 6+ месяцев
90202B,WHITE ENAMEL FLOWER HAIR TIE,C,Z,CZ,29.049999999999997,0.0003,10,8,1,5,2011-11,Кандидат на вывод: редкий хаотичный спрос
85030,FRENCH CHATEAU OVAL PLATTER,C,Z,CZ,29.25,0.0003,15,6,6,2,2011-04,Вывести: продаж нет 6+ месяцев
82605,OLD DOC RUSSEL METAL SIGN,C,Z,CZ,29.400000000000002,0.0003,14,3,3,2,2011-03,Вывести: продаж нет 6+ месяцев
90179A,AMBER FINE BEAD NECKLACE W TASSEL,C,Z,CZ,29.490000000000002,0.0003,5,4,2,3,2011-11,Кандидат на вывод: редкий хаотичный спрос
90179C,BLACK FINE BEAD NECKLACE W TASSEL,C,Z,CZ,29.490000000000002,0.0003,5,5,1,4,2011-11,Кандидат на вывод: редкий хаотичный спрос
90162D,ANT SILVER PURPLE BOUDICCA RING,C,Z,CZ,29.500000000000004,0.0003,10,5,3,3,2011-10,Кандидат на вывод: редкий хаотичный спрос
84706D,CHERRY BLOSSOM TABLE CLOCK,C,Z,CZ,29.599999999999998,0.0003,8,4,3,2,2011-05,Вывести: продаж нет 6+ месяцев
35816P,"ACRYLIC JEWEL ANGEL,PINK",C,Z,CZ,29.64,0.0003,78,2,2,1,2011-08,Кандидат на вывод: редкий хаотичный спрос
21040,MODERN VINTAGE COTTON SHOPPING BAG,C,Z,CZ,29.7,0.0003,22,8,8,3,2011-03,Вывести: продаж нет 6+ месяцев
21757,LIGHTHOUSE PRINTED METAL SIGN,C,Z,CZ,29.700000000000003,0.0003,6,3,3,2,2011-02,Вывести: продаж нет 6+ месяцев
90120A,PINK MURANO TWIST BRACELET,C,Z,CZ,29.73,0.0003,7,3,0,2,2011-01,Вывести: продаж нет 6+ месяцев
90001D,ANTIQUE OLIVE GREEN FLOWER EARRINGS,C,Z,CZ,29.73,0.0003,7,5,3,5,2011-10,Кандидат на вывод: редкий хаотичный спрос
90159,COTE D'AZURE NECKLACE,C,Z,CZ,29.790000000000003,0.0003,6,5,2,4,2011-11,Кандидат на вывод: редкий хаотичный спрос
90136,PALE PINK/AMETHYST STONE NECKLACE,C,Z,CZ,29.849999999999998,0.0003,3,2,2,2,2011-04,Вывести: продаж нет 6+ месяцев
90180B,PURPLE AMETHYST NECKLACE W TASSEL,C,Z,CZ,29.88,0.0003,3,3,2,3,2011-11,Кандидат на вывод: редкий хаотичный спрос
90122B,JADE CRYSTAL+GLASS BRACELET,C,Z,CZ,29.93,0.0003,6,6,1,5,2011-09,Кандидат на вывод: редкий хаотичный спрос
21310,CAPIZ CHANDELIER,C,Z,CZ,29.95,0.0003,1,1,1,1,2011-05,Вывести: продаж нет 6+ месяцев
90195B,BLACK GEMSTONE BRACELET,C,Z,CZ,29.98,0.0003,4,4,3,3,2011-11,Кандидат на вывод: редкий хаотичный спрос
84805A,CREAM CLIMBING HYDRANGA ART FLOWER,C,Z,CZ,30.0,0.0003,8,2,1,2,2011-08,Кандидат на вывод: редкий хаотичный спрос
35610B,BLACK CHRISTMAS FLOCK DROPLET,C,Z,CZ,30.0,0.0003,24,1,1,1,2010-12,Вывести: продаж нет 6+ месяцев
20878,SET/9 CHRISTMAS T-LIGHTS SCENTED,C,Z,CZ,30.0,0.0003,24,7,7,1,2010-12,Вывести: продаж нет 6+ месяцев
90169,DAISY HAIR COMB,C,Z,CZ,30.06,0.0003,12,9,0,7,2011-11,Кандидат на вывод: редкий хаотичный спрос
90187B,GREEN DROP EARRINGS W BEAD CLUSTER,C,Z,CZ,30.07,0.0003,9,6,1,6,2011-11,Кандидат на вывод: редкий хаотичный спрос
90176B,DIAMANTE NECKLACE BLACK,C,Z,CZ,30.12,0.0003,4,3,1,2,2011-11,Кандидат на вывод: редкий хаотичный спрос
37471,MULTICOLOUR DOTS PLATE,C,Z,CZ,30.43,0.0003,29,3,1,3,2011-10,Кандидат на вывод: редкий хаотичный спрос
44228,CANNABIS LEAF BEAD CURTAIN,C,Z,CZ,30.599999999999998,0.0003,36,2,2,2,2011-08,Кандидат на вывод: редкий хаотичный спрос
85018D,YULETIDE IMAGES S/6 PAPER BOXES,C,Z,CZ,30.599999999999998,0.0003,12,7,6,2,2011-01,Вывести: продаж нет 6+ месяцев
79406,FROSTED WHITE BASE,C,Z,CZ,31.63,0.0003,141,7,6,7,2011-11,Кандидат на вывод: редкий хаотичный спрос
90036B,"FLOWER GLASS GARLAND NECKL.36""GREEN",C,Z,CZ,31.8,0.0003,4,2,2,2,2011-08,Кандидат на вывод: редкий хаотичный спрос
84824,DANISH ROSE UMBRELLA STAND,C,Z,CZ,31.9,0.0003,2,2,2,2,2011-11,Кандидат на вывод: редкий хаотичный спрос
90186A,AMETHYST HOOP EARRING FLORAL LEAF,C,Z,CZ,32.16,0.0003,11,9,3,6,2011-11,Кандидат на вывод: редкий хаотичный спрос
90177B,DROP DIAMANTE EARRINGS BLACK DIAMON,C,Z,CZ,32.31,0.0003,11,5,2,4,2011-06,Кандидат на вывод: редкий хаотичный спрос
17109D,FLOWER FAIRY INCENSE BOUQUET,C,Z,CZ,32.349999999999994,0.0003,61,5,4,3,2011-04,Вывести: продаж нет 6+ месяцев
35610C,WHITE CHRISTMAS FLOCK DROPLET,C,Z,CZ,32.51,0.0003,25,2,1,1,2010-12,Вывести: продаж нет 6+ месяцев
37423,WHITE WITH BLACK CATS PLATE,C,Z,CZ,33.18,0.0004,78,3,3,1,2011-03,Вывести: продаж нет 6+ месяцев
90129D,AMBER GLASS TASSLE BAG CHARM,C,Z,CZ,33.440000000000005,0.0004,14,7,2,4,2011-10,Кандидат на вывод: редкий хаотичный спрос
81950B,FLOWER BLUE CLOCK W/SUCKER,C,Z,CZ,33.64,0.0004,116,8,8,2,2011-08,Кандидат на вывод: редкий хаотичный спрос
90038C,GLASS AND BEADS BRACELET IVORY,C,Z,CZ,33.69,0.0004,9,4,1,4,2011-09,Кандидат на вывод: редкий хаотичный спрос
90024C,NEW BAROQUE B'FLY NECKLACE GREEN,C,Z,CZ,33.81,0.0004,4,3,1,3,2011-07,Кандидат на вывод: редкий хаотичный спрос
90026C,GLASS BEAD HOOP NECKLACE GREEN,C,Z,CZ,33.82,0.0004,4,3,2,3,2011-11,Кандидат на вывод: редкий хаотичный спрос
84873A,FUNKY FLOWER PICNIC BAG FOR 4,C,Z,CZ,33.9,0.0004,2,2,2,2,2011-06,Кандидат на вывод: редкий хаотичный спрос
20827,GOLD APERITIF GLASS,C,Z,CZ,34.32,0.0004,88,2,1,1,2011-04,Вывести: продаж нет 6+ месяцев
90049,IVORY GOLD METAL BAG CHARM,C,Z,CZ,34.77,0.0004,5,3,2,3,2011-11,Кандидат на вывод: редкий хаотичный спрос
90131,PINK/AMETHYST/GOLD NECKLACE,C,Z,CZ,34.870000000000005,0.0004,5,2,1,2,2011-06,Кандидат на вывод: редкий хаотичный спрос
79063D,"RETRO PILL BOX , REVOLUTIONARY",C,Z,CZ,35.14,0.0004,189,11,9,6,2011-11,Кандидат на вывод: редкий хаотичный спрос
90060F,FIRE POLISHED GLASS NECKL GREEN,C,Z,CZ,35.160000000000004,0.0004,6,6,0,5,2011-11,Кандидат на вывод: редкий хаотичный спрос
90011B,BLACK CRYSTAL DROP EARRINGS,C,Z,CZ,35.27,0.0004,12,7,2,6,2011-11,Кандидат на вывод: редкий хаотичный спрос
90123D,WHITE HEART OF GLASS BRACELET,C,Z,CZ,35.31,0.0004,6,5,2,5,2011-11,Кандидат на вывод: редкий хаотичный спрос
90125B,AQUA BERTIE GLASS BEAD BAG CHARM,C,Z,CZ,35.46,0.0004,24,11,2,4,2011-07,Кандидат на вывод: редкий хаотичный спрос
85216,ASSORTED CAKES FRIDGE MAGNETS,C,Z,CZ,35.75,0.0004,55,8,6,6,2011-11,Кандидат на вывод: редкий хаотичный спрос
84226,HEN HOUSE W FAMILY IN BARN & NEST,C,Z,CZ,36.21,0.0004,51,10,9,5,2011-06,Кандидат на вывод: редкий хаотичный спрос
17090D,VANILLA INCENSE 40 CONES IN TIN,C,Z,CZ,36.25,0.0004,29,12,6,6,2011-07,Кандидат на вывод: редкий хаотичный спрос
84548,CROCHET BEAR RED/BLUE  KEYRING,C,Z,CZ,36.3,0.0004,22,4,3,3,2011-07,Кандидат на вывод: редкий хаотичный спрос
71510,SQUARE METAL CANDLEHOLDER BASE,C,Z,CZ,36.519999999999996,0.0004,52,8,5,6,2011-11,Кандидат на вывод: редкий хаотичный спрос
84522,PINK PARTY SUNGLASSES,C,Z,CZ,36.76,0.0004,20,12,6,8,2011-11,Кандидат на вывод: редкий хаотичный спрос
47420,ASSORTED COLOUR SUCTION CUP HOOK,C,Z,CZ,37.050000000000004,0.0004,195,12,10,8,2011-11,Кандидат на вывод: редкий хаотичный спрос
84751B,BLACK MEDIUM GLASS CAKE STAND,C,Z,CZ,37.11,0.0004,17,8,8,4,2011-04,Вывести: продаж нет 6+ месяцев
90074,BLACK DIAMOND CLUSTER NECKLACE,C,Z,CZ,37.239999999999995,0.0004,4,3,1,3,2011-11,Кандидат на вывод: редкий хаотичный спрос
72709,IVORY SCULPTED RND CANDLE,C,Z,CZ,37.4,0.0004,44,7,4,6,2011-11,Кандидат на вывод: редкий хаотичный спрос
90212B,JET BLACK LAS VEGAS BRACELET ROUND,C,Z,CZ,37.62,0.0004,10,8,1,4,2011-05,Вывести: продаж нет 6+ месяцев
90199D,5 STRAND GLASS NECKLACE AMBER,C,Z,CZ,37.620000000000005,0.0004,6,6,2,5,2011-11,Кандидат на вывод: редкий хаотичный спрос
90075,MONTANA DIAMOND CLUSTER NECKLACE,C,Z,CZ,37.66,0.0004,4,3,0,2,2011-11,Кандидат на вывод: редкий хаотичный спрос
84809B,PINK CHRYSANTHEMUMS ART FLOWER,C,Z,CZ,37.800000000000004,0.0004,18,1,1,1,2011-02,Вывести: продаж нет 6+ месяцев
84033,FLAG OF ST GEORGE,C,Z,CZ,37.95,0.0004,23,7,7,6,2011-09,Кандидат на вывод: редкий хаотичный спрос
81952B,ROUND BLUE CLOCK W/SUCKER,C,Z,CZ,38.0,0.0004,200,9,9,1,2011-07,Кандидат на вывод: редкий хаотичный спрос
84922,PINK BUTTERFLY WASHBAG,C,Z,CZ,38.04,0.0004,8,5,4,4,2011-11,Кандидат на вывод: редкий хаотичный спрос
90190B,GOLD/AMBER DROP EARRINGS W LEAF,C,Z,CZ,38.18,0.0004,13,7,1,7,2011-11,Кандидат на вывод: редкий хаотичный спрос
84925D,LA PALMIERA WALL THERMOMETER,C,Z,CZ,38.25,0.0004,15,10,8,6,2011-06,Кандидат на вывод: редкий хаотичный спрос
84617,NEW BAROQUE BLACK BOXES,C,Z,CZ,38.25,0.0004,3,3,3,3,2011-11,Кандидат на вывод: редкий хаотичный спрос
84746,PINK EASTER HENS+FLOWER,C,Z,CZ,38.31,0.0004,14,9,1,2,2011-07,Кандидат на вывод: редкий хаотичный спрос
85089,CANDY SPOT BUNNY,C,Z,CZ,38.35,0.0004,13,5,5,4,2011-11,Кандидат на вывод: редкий хаотичный спрос
21393,BLUE  SPOTTY PUDDING BOWL,C,Z,CZ,38.67,0.0004,29,7,7,2,2011-03,Вывести: продаж нет 6+ месяцев
90064A,WHITE VINTAGE CRYSTAL EARRINGS,C,Z,CZ,38.7,0.0004,10,6,3,4,2011-11,Кандидат на вывод: редкий хаотичный спрос
47341A,FUSCHIA TABLE RUN FLOWER,C,Z,CZ,38.75,0.0004,27,5,5,4,2011-06,Кандидат на вывод: редкий хаотичный спрос
35910A,MULTICOLOUR EASTER RABBIT,C,Z,CZ,39.0,0.0004,20,4,4,3,2011-03,Вывести: продаж нет 6+ месяцев
84575A,PINK DOG CANNISTER,C,Z,CZ,39.3,0.0004,14,4,4,3,2011-04,Вывести: продаж нет 6+ месяцев
90135,ORANGE/WHT/FUSCHIA STONES NECKLACE,C,Z,CZ,39.660000000000004,0.0004,8,2,1,2,2011-04,Вывести: продаж нет 6+ месяцев
90141B,IVORY PENDANT TRIPLE SHELL NECKLACE,C,Z,CZ,39.88,0.0004,8,4,2,4,2011-07,Кандидат на вывод: редкий хаотичный спрос
84679,CLASSICAL ROSE TABLE LAMP,C,Z,CZ,39.9,0.0004,2,1,1,1,2011-06,Кандидат на вывод: редкий хаотичный спрос
72369A,PINK CLEAR GLASS CANDLE PLATE,C,Z,CZ,39.92,0.0004,30,5,3,5,2011-11,Кандидат на вывод: редкий хаотичный спрос
85092,CANDY SPOT TEA COSY,C,Z,CZ,40.05,0.0004,27,2,2,1,2011-02,Вывести: продаж нет 6+ месяцев
71495A,CD WALL TIDY BLUE OFFICE,C,Z,CZ,40.379999999999995,0.0004,103,8,2,6,2011-11,Кандидат на вывод: редкий хаотичный спрос
21655,HANGING RIDGE GLASS T-LIGHT HOLDER,C,Z,CZ,40.56,0.0004,24,1,1,1,2011-02,Вывести: продаж нет 6+ месяцев
90202A,PURPLE ENAMEL FLOWER HAIR TIE,C,Z,CZ,40.78,0.0004,14,12,0,5,2011-11,Кандидат на вывод: редкий хаотичный спрос
90202D,PINK ENAMEL FLOWER HAIR TIE,C,Z,CZ,40.96,0.0004,14,8,1,6,2011-11,Кандидат на вывод: редкий хаотичный спрос
90067A,PINK VINTAGE VICTORIAN EARRINGS,C,Z,CZ,41.150000000000006,0.0004,14,7,3,5,2011-11,Кандидат на вывод: редкий хаотичный спрос
75013B,"STRING OF 8 BUTTERFLIES,PINK",C,Z,CZ,41.24999999999999,0.0004,25,6,6,2,2011-01,Вывести: продаж нет 6+ месяцев
90064B,BLACK VINTAGE  CRYSTAL EARRINGS,C,Z,CZ,41.25,0.0004,11,6,5,4,2011-10,Кандидат на вывод: редкий хаотичный спрос
84921,CREAM AND PINK FLOWERS PONY,C,Z,CZ,41.25,0.0004,11,5,5,4,2011-10,Кандидат на вывод: редкий хаотичный спрос
90162C,ANT SILVER FUSCHIA BOUDICCA RING,C,Z,CZ,41.300000000000004,0.0004,14,7,3,5,2011-10,Кандидат на вывод: редкий хаотичный спрос
90003B,ROSE COLOUR PAIR HEART HAIR SLIDES,C,Z,CZ,41.31,0.0004,11,9,2,6,2011-11,Кандидат на вывод: редкий хаотичный спрос
90039B,FIRE POLISHED GLASS BRACELET MONTAN,C,Z,CZ,41.31,0.0004,11,6,1,5,2011-07,Кандидат на вывод: редкий хаотичный спрос
90211B,JET BLACK LAS VEGAS NECKLACE 45CM,C,Z,CZ,41.36,0.0004,7,5,1,4,2011-11,Кандидат на вывод: редкий хаотичный спрос
90120D,WHITE MURANO TWIST BRACELET,C,Z,CZ,41.790000000000006,0.0004,10,5,2,3,2011-02,Вывести: продаж нет 6+ месяцев
90024B,NEW BAROQUE B'FLY NECKLACE RED,C,Z,CZ,41.96,0.0004,5,4,1,3,2011-11,Кандидат на вывод: редкий хаотичный спрос
90024F,NEW BAROQUE B'FLY NECKLACE CRYSTAL,C,Z,CZ,42.13,0.0005,5,4,1,4,2011-11,Кандидат на вывод: редкий хаотичный спрос
90029,NEW BAROQUE SMALL NECKLACE BLACK,C,Z,CZ,42.14,0.0005,5,4,2,4,2011-08,Кандидат на вывод: редкий хаотичный спрос
37444C,PINK BREAKFAST CUP AND SAUCER,C,Z,CZ,42.27,0.0005,21,9,5,3,2011-03,Вывести: продаж нет 6+ месяцев
20818,GOLD TEDDY BEAR,C,Z,CZ,42.7,0.0005,15,5,2,3,2011-05,Вывести: продаж нет 6+ месяцев
22987,"WRAP , SUMMER ROSE DESIGN",C,Z,CZ,42.84,0.0005,102,5,4,5,2011-10,Кандидат на вывод: редкий хаотичный спрос
84539,KNITTED RABBIT DOLL,C,Z,CZ,42.9,0.0005,26,2,1,2,2011-07,Кандидат на вывод: редкий хаотичный спрос
90014C,SILVER/BLACK ORBIT NECKLACE,C,Z,CZ,43.199999999999996,0.0005,5,4,3,3,2011-11,Кандидат на вывод: редкий хаотичный спрос
20698,LITTLE PINK MONSTER SOFT TOY,C,Z,CZ,43.349999999999994,0.0005,17,8,7,4,2011-11,Кандидат на вывод: редкий хаотичный спрос
47344B,BLUE FLOWER DES PURSE,C,Z,CZ,43.66,0.0005,44,6,6,4,2011-06,Кандидат на вывод: редкий хаотичный спрос
90199B,5 STRAND GLASS NECKLACE AMETHYST,C,Z,CZ,44.13,0.0005,7,6,1,3,2011-11,Кандидат на вывод: редкий хаотичный спрос
84086B,YELLOW/BLUE RETRO RADIO,C,Z,CZ,44.25,0.0005,15,6,2,5,2011-11,Кандидат на вывод: редкий хаотичный спрос
85185D,FROG SOCK PUPPET,C,Z,CZ,44.25000000000001,0.0005,15,8,7,4,2011-05,Вывести: продаж нет 6+ месяцев
90038B,GLASS AND PAINTED BEADS BRACELET OL,C,Z,CZ,45.04,0.0005,12,7,1,5,2011-11,Кандидат на вывод: редкий хаотичный спрос
90163B,WHITE ROSEBUD & PEARL NECKLACE,C,Z,CZ,45.24,0.0005,6,4,1,3,2011-10,Кандидат на вывод: редкий хаотичный спрос
90012B,BLACK DROP CRYSTAL NECKLACE,C,Z,CZ,45.35000000000001,0.0005,13,3,2,3,2011-11,Кандидат на вывод: редкий хаотичный спрос
85031A,ROMANTIC IMAGES SCRAP BOOK SET,C,Z,CZ,45.9,0.0005,16,7,7,4,2011-04,Вывести: продаж нет 6+ месяцев
84801B,WHITE HYDRANGEA ART FLOWER,C,Z,CZ,46.2,0.0005,22,3,3,3,2011-04,Вывести: продаж нет 6+ месяцев
21392,RED SPOTTY PUDDING BOWL,C,Z,CZ,46.39,0.0005,34,7,5,3,2011-03,Вывести: продаж нет 6+ месяцев
90190A,SILVER/CRYSTAL DROP EARRINGS W LEAF,C,Z,CZ,46.76,0.0005,16,10,1,6,2011-11,Кандидат на вывод: редкий хаотичный спрос
90138,WHITE/PINK MINI CRYSTALS NECKLACE,C,Z,CZ,47.019999999999996,0.0005,9,6,1,5,2011-11,Кандидат на вывод: редкий хаотичный спрос
90040C,MURANO STYLE GLASS BRACELET GOLD,C,Z,CZ,47.19,0.0005,13,8,2,4,2011-11,Кандидат на вывод: редкий хаотичный спрос
84715,SET OF 6 ICE CREAM SKITTLES,C,Z,CZ,47.2,0.0005,16,3,3,3,2011-04,Вывести: продаж нет 6+ месяцев
90065A,WHITE VINTAGE CRYSTAL BRACELET,C,Z,CZ,47.25,0.0005,7,4,3,4,2011-06,Кандидат на вывод: редкий хаотичный спрос
90036A,FLOWER GARLAND NECKLACE RED,C,Z,CZ,47.7,0.0005,6,4,3,3,2011-08,Кандидат на вывод: редкий хаотичный спрос
84402B,PURPLE DRESS JEWELLERY STAND,C,Z,CZ,48.19,0.0005,61,3,3,1,2011-07,Кандидат на вывод: редкий хаотичный спрос
20697,LITTLE GREEN MONSTER SOFT TOY,C,Z,CZ,48.449999999999996,0.0005,19,11,8,6,2011-11,Кандидат на вывод: редкий хаотичный спрос
21720,CAKE SHOP  STICKER SHEET,C,Z,CZ,48.449999999999996,0.0005,57,8,8,6,2011-07,Кандидат на вывод: редкий хаотичный спрос
90002D,FLOWER BURST SILVER RING CRYSTAL,C,Z,CZ,48.71,0.0005,13,9,5,5,2011-05,Вывести: продаж нет 6+ месяцев
84497,BUTTONS AND STRIPES NOTEBOOK,C,Z,CZ,48.75,0.0005,13,7,7,5,2011-11,Кандидат на вывод: редкий хаотичный спрос
90157,RIVIERA NECKLACE,C,Z,CZ,49.59,0.0005,10,5,2,4,2011-11,Кандидат на вывод: редкий хаотичный спрос
90142D,MOP PENDANT SHELL NECKLACE,C,Z,CZ,49.64,0.0005,10,4,3,3,2011-10,Кандидат на вывод: редкий хаотичный спрос
90079,VINTAGE ENAMEL & CRYSTAL NECKLACE,C,Z,CZ,49.760000000000005,0.0005,10,4,2,4,2011-10,Кандидат на вывод: редкий хаотичный спрос
44242B,PINK FEATHERS CURTAIN,C,Z,CZ,50.28,0.0005,52,3,3,2,2011-09,Кандидат на вывод: редкий хаотичный спрос
17007B,S/3 POT POURI CUSHIONS BLUE COLOURS,C,Z,CZ,50.400000000000006,0.0005,24,2,2,2,2011-06,Кандидат на вывод: редкий хаотичный спрос
90018C,SILVER BLACK ORBIT DROP EARRINGS,C,Z,CZ,50.400000000000006,0.0005,12,9,3,5,2011-11,Кандидат на вывод: редкий хаотичный спрос
20910,VINTAGE PHOTO ALBUM PARIS DAYS,C,Z,CZ,50.8,0.0005,8,3,2,1,2010-12,Вывести: продаж нет 6+ месяцев
84597B,RETRO BROWN BALL ASHTRAY,C,Z,CZ,51.25,0.0005,41,5,3,5,2011-06,Кандидат на вывод: редкий хаотичный спрос
90210B,CLEAR ACRYLIC FACETED BANGLE,C,Z,CZ,51.56,0.0006,31,6,5,3,2011-10,Кандидат на вывод: редкий хаотичный спрос
85028S,FRENCH CHATEAU SMALL FRUITBOWL,C,Z,CZ,51.599999999999994,0.0006,24,8,8,2,2011-04,Вывести: продаж нет 6+ месяцев
72134,COLUMBIAN  CUBE CANDLE,C,Z,CZ,52.1,0.0006,101,10,6,8,2011-10,Кандидат на вывод: редкий хаотичный спрос
84985A,SET OF 72 GREEN PAPER DOILIES,C,Z,CZ,52.199999999999996,0.0006,36,18,15,4,2011-03,Вывести: продаж нет 6+ месяцев
90141C,TURQ PENDANT TRIPLE SHELL NECKLACE,C,Z,CZ,52.31,0.0006,10,8,2,5,2011-11,Кандидат на вывод: редкий хаотичный спрос
84842,HELLO SAILOR BATHROOM SET,C,Z,CZ,52.5,0.0006,14,9,8,4,2011-11,Кандидат на вывод: редкий хаотичный спрос
90176D,DIAMANTE NECKLACE PURPLE,C,Z,CZ,52.5,0.0006,7,4,4,4,2011-11,Кандидат на вывод: редкий хаотичный спрос
90019C,SILVER BLACK ORBIT BRACELET,C,Z,CZ,52.53,0.0006,10,9,3,7,2011-11,Кандидат на вывод: редкий хаотичный спрос
90177D,DROP DIAMANTE EARRINGS PURPLE,C,Z,CZ,52.93000000000001,0.0006,18,12,5,7,2011-11,Кандидат на вывод: редкий хаотичный спрос
90123B,TURQUOISE HEART OF GLASS BRACELET,C,Z,CZ,53.42,0.0006,9,5,4,4,2011-08,Кандидат на вывод: редкий хаотичный спрос
47586A,PINK FAIRY CAKE CUSHION COVER,C,Z,CZ,53.55,0.0006,21,8,7,7,2011-11,Кандидат на вывод: редкий хаотичный спрос
20851,ZINC HEART LATTICE TRAY OVAL,C,Z,CZ,53.550000000000004,0.0006,9,7,5,4,2011-04,Вывести: продаж нет 6+ месяцев
90035A,"PEARL & SHELL 42""NECKL. GREEN",C,Z,CZ,53.62,0.0006,5,3,1,3,2011-04,Вывести: продаж нет 6+ месяцев
35400,WOODEN BOX ADVENT CALENDAR,C,Z,CZ,53.699999999999996,0.0006,6,4,4,2,2011-11,Кандидат на вывод: редкий хаотичный спрос
90012A,MIDNIGHT BLUE DROP CRYSTAL NECKLACE,C,Z,CZ,53.760000000000005,0.0006,11,5,2,4,2011-10,Кандидат на вывод: редкий хаотичный спрос
79323B,BLACK CHERRY LIGHTS,C,Z,CZ,54.0,0.0006,8,1,1,1,2011-02,Вывести: продаж нет 6+ месяцев
84534B,FAIRY CAKE NOTEBOOK A5 SIZE,C,Z,CZ,54.04,0.0006,55,12,5,2,2011-01,Вывести: продаж нет 6+ месяцев
90040A,MURANO STYLE GLASS BRACELET RED,C,Z,CZ,54.290000000000006,0.0006,14,5,2,3,2011-03,Вывести: продаж нет 6+ месяцев
20821,GOLDIE LOOKING MIRROR,C,Z,CZ,54.45,0.0006,11,5,4,5,2011-11,Кандидат на вывод: редкий хаотичный спрос
21336,GOLD WASHBAG,C,Z,CZ,54.57,0.0006,27,10,3,4,2011-06,Кандидат на вывод: редкий хаотичный спрос
90210A,GREY ACRYLIC FACETED BANGLE,C,Z,CZ,54.65,0.0006,33,9,3,4,2011-06,Кандидат на вывод: редкий хаотичный спрос
90206A,GOLD DIAMANTE STAR BROOCH,C,Z,CZ,54.82,0.0006,11,8,2,5,2011-11,Кандидат на вывод: редкий хаотичный спрос
84750B,BLACK SMALL GLASS CAKE STAND,C,Z,CZ,54.99,0.0006,61,12,12,4,2011-04,Вывести: продаж нет 6+ месяцев
90177C,DROP DIAMANTE EARRINGS CRYSTAL,C,Z,CZ,55.63,0.0006,19,12,2,8,2011-11,Кандидат на вывод: редкий хаотичный спрос
90050,CRACKED GLAZE NECKLACE IVORY,C,Z,CZ,55.72,0.0006,8,4,2,4,2011-11,Кандидат на вывод: редкий хаотичный спрос
90038A,GLASS AND PAINTED BEADS BRACELET TO,C,Z,CZ,56.15,0.0006,15,10,1,8,2011-11,Кандидат на вывод: редкий хаотичный спрос
44236,PINK/PURPLE CIRCLE CURTAIN,C,Z,CZ,56.52,0.0006,52,6,6,3,2011-08,Кандидат на вывод: редкий хаотичный спрос
85006,SET 4 NURSERY DES ROUND BOXES,C,Z,CZ,57.25,0.0006,55,9,9,3,2011-04,Вывести: продаж нет 6+ месяцев
84466,TOP SECRET PEN SET,C,Z,CZ,57.5,0.0006,46,10,8,6,2011-07,Кандидат на вывод: редкий хаотичный спрос
90082D,DIAMANTE BOW BROOCH BLACK COLOUR,C,Z,CZ,58.03,0.0006,9,5,4,2,2011-11,Кандидат на вывод: редкий хаотичный спрос
84877A,PINK ROUND COMPACT MIRROR,C,Z,CZ,58.16,0.0006,40,4,1,3,2011-06,Кандидат на вывод: редкий хаотичный спрос
84798A,PINK FOXGLOVE ARTIIFCIAL FLOWER,C,Z,CZ,58.64999999999999,0.0006,23,4,3,3,2011-09,Кандидат на вывод: редкий хаотичный спрос
90098,NECKLACE+BRACELET PINK BUTTERFLY,C,Z,CZ,58.64999999999999,0.0006,23,9,8,4,2011-11,Кандидат на вывод: редкий хаотичный спрос
79071B,ENGLISH ROSE METAL WASTE BIN,C,Z,CZ,59.0,0.0006,20,11,10,6,2011-06,Кандидат на вывод: редкий хаотичный спрос
84806A,PINK CANDYSTUFT ARTIFICIAL FLOWER,C,Z,CZ,59.449999999999996,0.0006,41,7,7,6,2011-09,Кандидат на вывод: редкий хаотичный спрос
90031,BILI NUT AND WOOD NECKLACE,C,Z,CZ,59.89,0.0006,50,7,5,6,2011-11,Кандидат на вывод: редкий хаотичный спрос
90003E,GREEN PAIR HEART HAIR SLIDES,C,Z,CZ,59.92,0.0006,16,11,1,6,2011-11,Кандидат на вывод: редкий хаотичный спрос
90155,RESIN NECKLACE W PASTEL BEADS,C,Z,CZ,60.14,0.0006,8,6,4,4,2011-11,Кандидат на вывод: редкий хаотичный спрос
84661C,PINK SQUARE TABLE CLOCK,C,Z,CZ,60.379999999999995,0.0006,20,10,2,4,2011-10,Кандидат на вывод: редкий хаотичный спрос
84984D,ORIENTAL RED C/COVER,C,Z,CZ,60.45,0.0006,13,4,3,4,2011-11,Кандидат на вывод: редкий хаотичный спрос
84859B,BLUE DISCO HANDBAG,C,Z,CZ,60.68,0.0006,30,10,10,7,2011-11,Кандидат на вывод: редкий хаотичный спрос
71495B,CD WALL TIDY RED FLOWERS,C,Z,CZ,61.05,0.0007,163,8,4,7,2011-11,Кандидат на вывод: редкий хаотичный спрос
16151A,FLOWERS HANDBAG blue and orange,C,Z,CZ,61.25,0.0007,49,3,3,1,2011-05,Вывести: продаж нет 6+ месяцев
84247L,FAWN AND MUSHROOM GREETING CARD,C,Z,CZ,62.06,0.0007,128,19,8,4,2011-04,Вывести: продаж нет 6+ месяцев
84760S,SMALL HANGING GLASS+ZINC LANTERN,C,Z,CZ,62.349999999999994,0.0007,43,8,8,5,2011-05,Вывести: продаж нет 6+ месяцев
40046A,RED DAISY PAPER LAMPSHADE,C,Z,CZ,62.5,0.0007,50,6,6,5,2011-10,Кандидат на вывод: редкий хаотичный спрос
22145,CHRISTMAS CRAFT HEART STOCKING,C,Z,CZ,63.0,0.0007,30,1,1,1,2010-12,Вывести: продаж нет 6+ месяцев
90141A,GREEN PENDANT TRIPLE SHELL NECKLACE,C,Z,CZ,63.11,0.0007,12,10,2,6,2011-11,Кандидат на вывод: редкий хаотичный спрос
62094B,TURQ ICE CREAM BUM BAG,C,Z,CZ,63.209999999999994,0.0007,19,8,2,3,2011-02,Вывести: продаж нет 6+ месяцев
35815P,"ACRYLIC JEWEL SNOWFLAKE, PINK",C,Z,CZ,63.28000000000001,0.0007,162,5,5,3,2011-09,Кандидат на вывод: редкий хаотичный спрос
90196B,BLACK GEMSTONE NECKLACE 45CM,C,Z,CZ,63.480000000000004,0.0007,5,5,4,3,2011-11,Кандидат на вывод: редкий хаотичный спрос
90036C,"FLOWER GLASS GARLAND NECKL.36""BLUE",C,Z,CZ,63.5,0.0007,8,4,2,4,2011-11,Кандидат на вывод: редкий хаотичный спрос
84875D,BLUE SQUARE COMPACT MIRROR,C,Z,CZ,63.75,0.0007,51,8,8,5,2011-09,Кандидат на вывод: редкий хаотичный спрос
21692,SILVER LATTICE VANILLA CANDLE POT,C,Z,CZ,63.75,0.0007,17,7,7,3,2011-02,Вывести: продаж нет 6+ месяцев
90036F,"FLOWER GLASS GARLD NECKL36""TURQUOIS",C,Z,CZ,64.08,0.0007,8,5,1,3,2011-03,Вывести: продаж нет 6+ месяцев
84247K,"FOLK ART GREETING CARD,pack/12",C,Z,CZ,64.9,0.0007,22,9,7,7,2011-10,Кандидат на вывод: редкий хаотичный спрос
90211A,DIAMOND LAS VEGAS NECKLACE 45CM,C,Z,CZ,65.15,0.0007,11,7,3,3,2011-11,Кандидат на вывод: редкий хаотичный спрос
20835,FRENCH LATTICE CUSHION COVER,C,Z,CZ,65.8,0.0007,67,8,7,5,2011-11,Кандидат на вывод: редкий хаотичный спрос
85008,SET OF 3 CONEY ISLAND OVAL BOXES,C,Z,CZ,66.12,0.0007,13,8,7,4,2011-04,Вывести: продаж нет 6+ месяцев
17011F,ORIGAMI SANDLEWOOD INCENSE+FLOWER,C,Z,CZ,66.36000000000001,0.0007,81,7,6,4,2011-05,Вывести: продаж нет 6+ месяцев
84686,BEACH HUT MIRROR,C,Z,CZ,66.39,0.0007,49,8,7,4,2011-07,Кандидат на вывод: редкий хаотичный спрос
90040B,MURANO STYLE GLASS BRACELET BLACK,C,Z,CZ,66.7,0.0007,18,11,2,4,2011-05,Вывести: продаж нет 6+ месяцев
90185B,AMETHYST DIAMANTE EXPANDABLE RING,C,Z,CZ,67.37,0.0007,16,10,2,6,2011-11,Кандидат на вывод: редкий хаотичный спрос
90000B,MIDNIGHT BLUE COPPER FLOWER NECKLAC,C,Z,CZ,67.83,0.0007,11,7,2,6,2011-07,Кандидат на вывод: редкий хаотичный спрос
90194,SILVER LARIAT BLACK STONE EARRINGS,C,Z,CZ,67.87,0.0007,16,10,6,6,2011-10,Кандидат на вывод: редкий хаотичный спрос
90151,SILVER/NATURAL SHELL NECKLACE,C,Z,CZ,68.0,0.0007,8,4,2,2,2011-11,Кандидат на вывод: редкий хаотичный спрос
20933,YELLOW POT PLANT CANDLE,C,Z,CZ,68.10000000000001,0.0007,22,8,8,5,2011-11,Кандидат на вывод: редкий хаотичный спрос
85026B,EAU DE NILE JEWELLED T-LIGHT HOLDER,C,Z,CZ,68.57,0.0007,77,10,8,7,2011-11,Кандидат на вывод: редкий хаотичный спрос
85188B,PINK METAL SWINGING BUNNY,C,Z,CZ,68.69999999999999,0.0007,78,10,8,4,2011-03,Вывести: продаж нет 6+ месяцев
84549,CROCHET WHITE RABBIT KEYRING,C,Z,CZ,69.38,0.0007,38,7,3,6,2011-11,Кандидат на вывод: редкий хаотичный спрос
90199A,5 STRAND GLASS NECKLACE BLACK,C,Z,CZ,69.63,0.0007,11,6,3,5,2011-11,Кандидат на вывод: редкий хаотичный спрос
46126A,ELVIS WALLHANGING / CURTAIN,C,Z,CZ,69.84,0.0007,52,8,5,3,2011-05,Вывести: продаж нет 6+ месяцев
90125C,TURQUOISE BERTIE GLASS BEAD CHARM,C,Z,CZ,69.85,0.0007,77,7,2,2,2011-05,Вывести: продаж нет 6+ месяцев
90051,CRACKED GLAZE NECKLACE RED,C,Z,CZ,70.16,0.0007,10,7,3,4,2011-10,Кандидат на вывод: редкий хаотичный спрос
51020B,STRIPY DESIGN SHOWER CAP,C,Z,CZ,70.57,0.0008,197,15,13,4,2011-04,Вывести: продаж нет 6+ месяцев
47589,CONGRATULATIONS BUNTING,C,Z,CZ,70.85000000000001,0.0008,13,3,3,3,2011-05,Вывести: продаж нет 6+ месяцев
17014A,ORIGAMI VANILLA INCENSE CONES,C,Z,CZ,71.19,0.0008,155,8,7,6,2011-06,Кандидат на вывод: редкий хаотичный спрос
90030A,SPOTTED WHITE NATURAL SEED NECKLACE,C,Z,CZ,72.0,0.0008,72,7,7,4,2011-11,Кандидат на вывод: редкий хаотичный спрос
20960,WATERMELON BATH SPONGE,C,Z,CZ,72.49,0.0008,29,10,0,3,2011-03,Вывести: продаж нет 6+ месяцев
85198,ASSORTED FARMYARD ANIMALS IN BUCKET,C,Z,CZ,74.58,0.0008,90,9,6,4,2011-05,Вывести: продаж нет 6+ месяцев
90039D,FIRE POLISHED GLASS BRACELET GREEN,C,Z,CZ,74.96,0.0008,20,8,2,7,2011-11,Кандидат на вывод: редкий хаотичный спрос
84847,FLORAL BATHROOM SET,C,Z,CZ,75.0,0.0008,20,11,9,8,2011-08,Кандидат на вывод: редкий хаотичный спрос
90163A,PINK ROSEBUD & PEARL NECKLACE,C,Z,CZ,75.36,0.0008,10,8,2,4,2011-11,Кандидат на вывод: редкий хаотичный спрос
20798,CLEAR MILKSHAKE GLASS,C,Z,CZ,75.60000000000001,0.0008,36,5,5,2,2011-01,Вывести: продаж нет 6+ месяцев
72811,SMALL ZINC/GLASS CANDLEHOLDER,C,Z,CZ,75.95,0.0008,51,7,5,4,2011-11,Кандидат на вывод: редкий хаотичный спрос
90063B,BLACK VINT ART DEC CRYSTAL NECKLACE,C,Z,CZ,76.32,0.0008,9,6,5,5,2011-11,Кандидат на вывод: редкий хаотичный спрос
84840,SWEETHEART CARRY-ALL BASKET,C,Z,CZ,76.44,0.0008,6,6,3,3,2011-03,Вывести: продаж нет 6+ месяцев
46000P,POLYESTER FILLER PAD 65CMx65CM,C,Z,CZ,76.5,0.0008,18,6,5,4,2011-09,Кандидат на вывод: редкий хаотичный спрос
84531A,PINK KNITTED EGG COSY,C,Z,CZ,76.69,0.0008,147,29,24,4,2011-04,Вывести: продаж нет 6+ месяцев
90162B,ANT SILVER LIME GREEN BOUDICCA RING,C,Z,CZ,76.70000000000002,0.0008,26,9,6,6,2011-11,Кандидат на вывод: редкий хаотичный спрос
90000A,RASPBERRY ANT COPPER FLOWER NECKLAC,C,Z,CZ,77.91,0.0008,13,8,6,5,2011-11,Кандидат на вывод: редкий хаотичный спрос
21370,MIRRORED WALL ART FOXY,C,Z,CZ,78.30000000000001,0.0008,9,5,4,2,2011-11,Кандидат на вывод: редкий хаотичный спрос
21278,VINTAGE KITCHEN PRINT PUDDINGS,C,Z,CZ,79.05,0.0008,31,7,7,4,2011-07,Кандидат на вывод: редкий хаотичный спрос
84984B,RED PEONY CUSHION COVER,C,Z,CZ,79.05000000000001,0.0008,17,5,4,4,2011-11,Кандидат на вывод: редкий хаотичный спрос
90124A,PINK MURANO TWIST NECKLACE,C,Z,CZ,79.66,0.0009,8,6,4,5,2011-10,Кандидат на вывод: редкий хаотичный спрос
90175C,BLUE GLASS CHUNKY CHARM BRACELET,C,Z,CZ,80.55,0.0009,9,6,6,4,2011-11,Кандидат на вывод: редкий хаотичный спрос
21038,SET/4 MODERN VINTAGE COTTON NAPKINS,C,Z,CZ,80.85000000000001,0.0009,75,22,19,4,2011-05,Вывести: продаж нет 6+ месяцев
71496A,A4 WALL TIDY BLUE OFFICE,C,Z,CZ,80.96000000000001,0.0009,127,12,5,9,2011-11,Кандидат на вывод: редкий хаотичный спрос
85023B,EAU DE NILE JEWELLED PHOTOFRAME,C,Z,CZ,81.6,0.0009,32,11,8,7,2011-11,Кандидат на вывод: редкий хаотичный спрос
16049,TEATIME GEL PENS ASST,C,Z,CZ,82.08,0.0009,504,5,5,2,2011-05,Вывести: продаж нет 6+ месяцев
35638A,PINK AND BLACK STRING CURTAIN,C,Z,CZ,82.1,0.0009,38,5,5,5,2011-11,Кандидат на вывод: редкий хаотичный спрос
21690,SILVER  CANDLEPOT JARDIN,C,Z,CZ,82.5,0.0009,22,7,6,2,2011-01,Вывести: продаж нет 6+ месяцев
84881,BLUE WIRE SPIRAL CANDLE HOLDER,C,Z,CZ,82.57,0.0009,12,6,5,4,2011-07,Кандидат на вывод: редкий хаотичный спрос
90123C,GREEN HEART OF GLASS BRACELET,C,Z,CZ,83.29,0.0009,14,6,5,5,2011-08,Кандидат на вывод: редкий хаотичный спрос
16169K,WRAP FOLK ART,C,Z,CZ,84.0,0.0009,200,8,8,4,2011-09,Кандидат на вывод: редкий хаотичный спрос
75172,PAINTED SEA SHELL METAL WINDCHIME,C,Z,CZ,85.31,0.0009,93,8,8,4,2011-07,Кандидат на вывод: редкий хаотичный спрос
84531B,BLUE KNITTED EGG COSY,C,Z,CZ,85.61,0.0009,155,28,24,4,2011-04,Вывести: продаж нет 6+ месяцев
90146,FINE SILVER NECKLACE W PASTEL FLOWE,C,Z,CZ,87.45,0.0009,16,6,3,5,2011-10,Кандидат на вывод: редкий хаотичный спрос
20898,VINTAGE NOTEBOOK TRAVELOGUE,C,Z,CZ,88.03,0.0009,32,12,3,4,2011-10,Кандидат на вывод: редкий хаотичный спрос
84306,S/3 PINK SQUARE PLANTERS ROSES,C,Z,CZ,88.22,0.0009,10,9,2,2,2011-03,Вывести: продаж нет 6+ месяцев
84984A,GREEN PEONY CUSHION COVER,C,Z,CZ,88.35000000000001,0.0009,19,6,4,5,2011-11,Кандидат на вывод: редкий хаотичный спрос
90148,LONG SILVER NECKLACE PASTEL FLOWER,C,Z,CZ,88.98,0.001,7,5,4,5,2011-08,Кандидат на вывод: редкий хаотичный спрос
90123A,PINK HEART OF GLASS BRACELET,C,Z,CZ,89.12,0.001,15,9,8,7,2011-10,Кандидат на вывод: редкий хаотичный спрос
20892,SET/3 TALL GLASS CANDLE HOLDER PINK,C,Z,CZ,89.22,0.001,4,3,1,1,2010-12,Вывести: продаж нет 6+ месяцев
84461,12 PINK HEN+CHICKS IN BASKET,C,Z,CZ,89.25,0.001,35,13,12,4,2011-04,Вывести: продаж нет 6+ месяцев
90133,TEAL/FUSCHIA COL BEAD NECKLACE,C,Z,CZ,89.45,0.001,18,12,3,4,2011-11,Кандидат на вывод: редкий хаотичный спрос
72051S,BAG OF SILVER STONES,C,Z,CZ,89.52999999999999,0.001,130,13,5,5,2011-04,Вывести: продаж нет 6+ месяцев
90175B,PINK GLASS CHUNKY CHARM BRACELET,C,Z,CZ,91.68,0.001,10,9,0,6,2011-11,Кандидат на вывод: редкий хаотичный спрос
90030C,BROWN KUKUI COCONUT SEED NECKLACE,C,Z,CZ,91.7,0.001,77,11,8,6,2011-11,Кандидат на вывод: редкий хаотичный спрос
82615,PINK MARSHMALLOW SCARF KNITTING KIT,C,Z,CZ,91.8,0.001,36,1,1,1,2010-12,Вывести: продаж нет 6+ месяцев
20795,LARGE BLUE PROVENCAL CERAMIC BALL,C,Z,CZ,94.22000000000001,0.001,41,8,6,5,2011-11,Кандидат на вывод: редкий хаотичный спрос
22039,BOTANICAL LILY GIFT WRAP,C,Z,CZ,94.5,0.001,225,6,6,4,2011-10,Кандидат на вывод: редкий хаотичный спрос
84666,SQUARE CHERRY BLOSSOM CABINET,C,Z,CZ,94.80000000000001,0.001,24,4,4,3,2011-04,Вывести: продаж нет 6+ месяцев
84527,FLAMES SUNGLASSES PINK LENSES,C,Z,CZ,95.1,0.001,52,8,6,6,2011-11,Кандидат на вывод: редкий хаотичный спрос
90178A,AMBER CHUNKY GLASS+BEAD NECKLACE,C,Z,CZ,95.25,0.001,8,8,6,4,2011-10,Кандидат на вывод: редкий хаотичный спрос
90036D,"FLOWER GLASS GARLAND NECKL.36""BLACK",C,Z,CZ,95.35000000000001,0.001,12,5,4,5,2011-06,Кандидат на вывод: редкий хаотичный спрос
21777,RECIPE BOX WITH METAL HEART,C,Z,CZ,95.4,0.001,12,6,3,1,2010-12,Вывести: продаж нет 6+ месяцев
84801A,PINK HYDRANGEA ART FLOWER,C,Z,CZ,96.60000000000001,0.001,46,5,5,5,2011-11,Кандидат на вывод: редкий хаотичный спрос
84723,CHERRY BLOSSOM CANVAS ART PICTURE,C,Z,CZ,97.95,0.001,41,6,5,4,2011-08,Кандидат на вывод: редкий хаотичный спрос
84898F,YELLOW FLOWERS FELT HANDBAG KIT,C,Z,CZ,98.63000000000001,0.0011,46,19,15,4,2011-03,Вывести: продаж нет 6+ месяцев
17091A,LAVENDER INCENSE IN TIN,C,Z,CZ,98.91,0.0011,171,25,19,6,2011-05,Вывести: продаж нет 6+ месяцев
90010B,BLACK/WHITE GLASS/SILVER BRACELET,C,Z,CZ,100.08999999999999,0.0011,11,7,3,4,2011-04,Вывести: продаж нет 6+ месяцев
35911B,PINK/FLOWER RABBIT EGG WARMER,C,Z,CZ,100.76,0.0011,119,15,4,3,2011-03,Вывести: продаж нет 6+ месяцев
16033,MINI HIGHLIGHTER PENS,C,Z,CZ,100.79999999999998,0.0011,840,4,4,3,2011-02,Вывести: продаж нет 6+ месяцев
35637C,PINK STRING CURTAIN WITH POLE,C,Z,CZ,100.86,0.0011,30,9,7,6,2011-11,Кандидат на вывод: редкий хаотичный спрос
90196A,PURPLE GEMSTONE NECKLACE 45CM,C,Z,CZ,102.0,0.0011,8,5,5,3,2011-11,Кандидат на вывод: редкий хаотичный спрос
90063A,WHITE VINT ART DECO CRYSTAL NECKLAC,C,Z,CZ,102.0,0.0011,12,8,7,6,2011-11,Кандидат на вывод: редкий хаотичный спрос
90032,IVORY SHELL HEART NECKLACE,C,Z,CZ,103.13,0.0011,21,8,4,6,2011-10,Кандидат на вывод: редкий хаотичный спрос
20796,SMALL BLUE PROVENCAL CERAMIC BALL,C,Z,CZ,103.93999999999998,0.0011,62,9,8,7,2011-11,Кандидат на вывод: редкий хаотичный спрос
90210C,RED   ACRYLIC FACETED BANGLE,C,Z,CZ,104.71000000000001,0.0011,77,6,3,4,2011-06,Кандидат на вывод: редкий хаотичный спрос
35920,FOUR RABBIT EASTER DECORATIONS,C,Z,CZ,104.84,0.0011,72,15,11,4,2011-04,Вывести: продаж нет 6+ месяцев
21904,HOUSE WRECKING METAL SIGN,C,Z,CZ,105.0,0.0011,50,23,21,6,2011-05,Вывести: продаж нет 6+ месяцев
90185A,AMBER DIAMANTE EXPANDABLE RING,C,Z,CZ,105.53,0.0011,25,12,4,6,2011-11,Кандидат на вывод: редкий хаотичный спрос
90016A,SILVER/M.O.P PENDANT ORBIT NECKLACE,C,Z,CZ,105.71000000000001,0.0011,17,7,4,7,2011-10,Кандидат на вывод: редкий хаотичный спрос
17090A,LAVENDER INCENSE 40 CONES IN TIN,C,Z,CZ,107.44999999999999,0.0011,109,10,9,8,2011-11,Кандидат на вывод: редкий хаотичный спрос
72812,LARGE ZINC GLASS CANDLEHOLDER,C,Z,CZ,107.8,0.0012,32,9,3,6,2011-11,Кандидат на вывод: редкий хаотичный спрос
90124C,GREEN MURANO TWIST NECKLACE,C,Z,CZ,109.53999999999999,0.0012,11,8,4,6,2011-11,Кандидат на вывод: редкий хаотичный спрос
85167B,BLACK GRAND BAROQUE PHOTO FRAME,C,Z,CZ,109.94,0.0012,50,8,7,4,2011-04,Вывести: продаж нет 6+ месяцев
90036E,"FLOWER GLASS GARLD NECKL36""AMETHYST",C,Z,CZ,110.95,0.0012,14,11,4,8,2011-10,Кандидат на вывод: редкий хаотичный спрос
90199C,5 STRAND GLASS NECKLACE CRYSTAL,C,Z,CZ,113.94,0.0012,18,9,6,6,2011-11,Кандидат на вывод: редкий хаотичный спрос
90122C,TURQUOISE CRYSTAL+GLASS BRACELET,C,Z,CZ,114.25,0.0012,23,10,3,8,2011-11,Кандидат на вывод: редкий хаотичный спрос
84809A,WHITE CHRYSANTHEMUMS ART FLOWER,C,Z,CZ,115.50000000000001,0.0012,55,8,5,6,2011-06,Кандидат на вывод: редкий хаотичный спрос
51020A,SUMMER FUN DESIGN SHOWER CAP,C,Z,CZ,116.32999999999998,0.0012,325,18,16,5,2011-04,Вывести: продаж нет 6+ месяцев
84741C,CITRUS GARLAND FELT FLOWERS,C,Z,CZ,117.0,0.0013,60,14,14,4,2011-04,Вывести: продаж нет 6+ месяцев
90184A,AMBER CHUNKY BEAD BRACELET W STRAP,C,Z,CZ,117.73,0.0013,13,9,4,6,2011-11,Кандидат на вывод: редкий хаотичный спрос
84569B,PACK 3 FIRE ENGINE/CAR PATCHES,C,Z,CZ,118.4,0.0013,85,19,11,4,2011-03,Вывести: продаж нет 6+ месяцев
84800S,SMALL WHITE/PINK ROSE ART FLOWER,C,Z,CZ,120.07000000000001,0.0013,107,9,9,6,2011-09,Кандидат на вывод: редкий хаотичный спрос
37333,"RETRO ""TEA FOR ONE""",C,Z,CZ,120.99,0.0013,21,17,9,6,2011-05,Вывести: продаж нет 6+ месяцев
84906,PINK B'FLY C/COVER W BOBBLES,C,Z,CZ,123.02,0.0013,35,12,9,5,2011-05,Вывести: продаж нет 6+ месяцев
90058A,CRYSTAL STUD EARRINGS CLEAR DISPLAY,C,Z,CZ,123.12,0.0013,324,7,7,4,2011-11,Кандидат на вывод: редкий хаотичный спрос
37343,SPOTS DESIGN MUG W PINK INSIDE,C,Z,CZ,123.29999999999998,0.0013,72,13,8,3,2011-03,Вывести: продаж нет 6+ месяцев
85067,CREAM SWEETHEART WALL CABINET,C,Z,CZ,126.64999999999999,0.0014,7,5,5,2,2011-01,Вывести: продаж нет 6+ месяцев
85130A,BEADED PEARL HEART WHITE LARGE,C,Z,CZ,127.04999999999998,0.0014,77,10,10,4,2011-05,Вывести: продаж нет 6+ месяцев
90180A,BLACK+WHITE NECKLACE W TASSEL,C,Z,CZ,127.24,0.0014,17,9,5,7,2011-11,Кандидат на вывод: редкий хаотичный спрос
35638B,PINK/BLUE STRING CURTAIN,C,Z,CZ,128.32999999999998,0.0014,57,5,4,4,2011-11,Кандидат на вывод: редкий хаотичный спрос
20826,SILVER APERITIF GLASS,C,Z,CZ,128.4,0.0014,276,8,7,4,2011-05,Вывести: продаж нет 6+ месяцев
20823,GOLD WINE GOBLET,C,Z,CZ,129.56,0.0014,164,8,6,3,2011-06,Кандидат на вывод: редкий хаотичный спрос
21344,MOROCCAN BEATEN METAL DISH,C,Z,CZ,130.24,0.0014,12,4,3,4,2011-11,Кандидат на вывод: редкий хаотичный спрос
62096A,PINK/YELLOW FLOWERS HANDBAG,C,Z,CZ,132.5,0.0014,106,8,7,3,2011-02,Вывести: продаж нет 6+ месяцев
35921,EASTER BUNNY HANGING GARLAND,C,Z,CZ,133.23,0.0014,68,23,9,4,2011-04,Вывести: продаж нет 6+ месяцев
21637,ASSORTED SANSKRIT MINI NOTEBOOK,C,Z,CZ,136.25,0.0015,109,6,6,5,2011-10,Кандидат на вывод: редкий хаотичный спрос
21736,GOLD SCROLL GLASS T-LIGHT HOLDER,C,Z,CZ,137.22000000000003,0.0015,80,5,5,5,2011-04,Вывести: продаж нет 6+ месяцев
75011,BLUE DAISY MOBILE,C,Z,CZ,138.76,0.0015,172,12,9,8,2011-11,Кандидат на вывод: редкий хаотичный спрос
90191,SILVER LARIAT 40CM,C,Z,CZ,138.86,0.0015,24,9,7,7,2011-11,Кандидат на вывод: редкий хаотичный спрос
22125,UNION JACK HOT WATER BOTTLE,C,Z,CZ,139.86,0.0015,13,3,1,2,2011-11,Кандидат на вывод: редкий хаотичный спрос
84799,SPRIG LAVENDER ARTIFICIAL FLOWER,C,Z,CZ,140.32,0.0015,176,9,8,5,2011-04,Вывести: продаж нет 6+ месяцев
85118,HEART T-LIGHT HOLDER,C,Z,CZ,144.52,0.0015,146,10,5,2,2011-01,Вывести: продаж нет 6+ месяцев
84629,WHITE 3 FRAME BIRDS AND TREE,C,Z,CZ,145.05,0.0016,19,9,9,3,2011-07,Кандидат на вывод: редкий хаотичный спрос
84827,ASS DES PHONE SPONGE CRAFT STICKER,C,Z,CZ,146.7,0.0016,438,12,10,5,2011-10,Кандидат на вывод: редкий хаотичный спрос
90185D,CRYSTAL DIAMANTE EXPANDABLE RING,C,Z,CZ,148.63,0.0016,35,11,7,5,2011-06,Кандидат на вывод: редкий хаотичный спрос
22764,"RUSTIC WOODEN CABINET, GLASS DOORS",C,Z,CZ,149.82,0.0016,4,2,1,2,2011-03,Вывести: продаж нет 6+ месяцев
84963B,BLUE PAINTED KASHMIRI CHAIR,C,Z,CZ,149.85000000000002,0.0016,3,1,1,1,2011-08,Кандидат на вывод: редкий хаотичный спрос
84804B,BLUE DELPHINIUM ARTIFICIAL FLOWER,C,Z,CZ,150.45000000000002,0.0016,51,4,4,4,2011-09,Кандидат на вывод: редкий хаотичный спрос
85135A,YELLOW DRAGONFLY HELICOPTER,C,Z,CZ,151.05,0.0016,19,8,6,3,2011-11,Кандидат на вывод: редкий хаотичный спрос
90209A,PURPLE ENAMEL+GLASS HAIR COMB,C,Z,CZ,151.2,0.0016,78,3,2,2,2011-11,Кандидат на вывод: редкий хаотичный спрос
21145,ANTIQUE GLASS PLACE SETTING,C,Z,CZ,152.5,0.0016,122,8,8,5,2011-11,Кандидат на вывод: редкий хаотичный спрос
22353,LUNCH BOX WITH CUTLERY FAIRY CAKES,C,Z,CZ,153.0,0.0016,60,24,23,4,2011-05,Вывести: продаж нет 6+ месяцев
21614,SET OF 12 ROSE BOTANICAL T-LIGHTS,C,Z,CZ,153.29000000000002,0.0016,51,9,7,3,2011-05,Вывести: продаж нет 6+ месяцев
85232B,SET/3 RUSSIAN DOLL STACKING TINS,C,Z,CZ,153.45,0.0016,31,11,6,2,2011-02,Вывести: продаж нет 6+ месяцев
85027L,FRENCH CHATEAU LARGE PLATTER,C,Z,CZ,160.5,0.0017,70,18,17,4,2011-04,Вывести: продаж нет 6+ месяцев
84683,CLASSICAL ROSE CANDLESTAND,C,Z,CZ,162.20000000000002,0.0017,194,12,6,4,2011-05,Вывести: продаж нет 6+ месяцев
21100,CHARLIE AND LOLA CHARLOTTE BAG,C,Z,CZ,162.20999999999998,0.0017,65,27,7,4,2011-03,Вывести: продаж нет 6+ месяцев
85145,JARDIN ETCHED GLASS LARGE BELL JAR,C,Z,CZ,163.75,0.0018,37,13,12,2,2011-04,Вывести: продаж нет 6+ месяцев
21331,MOROCCAN BEATEN METAL DISH LARGE,C,Z,CZ,165.74,0.0018,12,8,7,6,2011-11,Кандидат на вывод: редкий хаотичный спрос
21333,CLASSIC WHITE FRAME,C,Z,CZ,168.16000000000003,0.0018,56,16,15,5,2011-04,Вывести: продаж нет 6+ месяцев
21763,VINTAGE WOODEN BAR STOOL,C,Z,CZ,169.75,0.0018,6,4,4,3,2011-07,Кандидат на вывод: редкий хаотичный спрос
84804A,CREAM DELPHINIUM ARTIFICIAL FLOWER,C,Z,CZ,171.10000000000002,0.0018,58,7,7,6,2011-09,Кандидат на вывод: редкий хаотичный спрос
85146,JARDIN ETCHED GLASS SMALL BELL JAR,C,Z,CZ,171.11,0.0018,45,9,8,5,2011-04,Вывести: продаж нет 6+ месяцев
84963A,PINK PAINTED KASHMIRI CHAIR,C,Z,CZ,171.8,0.0018,4,1,1,1,2010-12,Вывести: продаж нет 6+ месяцев
21190,PINK HEARTS PAPER GARLAND,C,Z,CZ,172.70000000000002,0.0018,118,6,6,3,2011-11,Кандидат на вывод: редкий хаотичный спрос
78033,FLAG OF ST GEORGE CHAIR,C,Z,CZ,173.4,0.0019,36,7,5,5,2011-09,Кандидат на вывод: редкий хаотичный спрос
84685,BEACH HUT KEY CABINET,C,Z,CZ,173.58,0.0019,33,20,6,4,2011-05,Вывести: продаж нет 6+ месяцев
84691,PACK 20 DOLLY PEGS,C,Z,CZ,174.5,0.0019,242,4,2,4,2011-05,Вывести: продаж нет 6+ месяцев
21319,GLASS CHALICE GREEN  SMALL,C,Z,CZ,175.78,0.0019,161,19,12,5,2011-04,Вывести: продаж нет 6+ месяцев
84711B,PINK OVAL SHAPE TRINKET BOX,C,Z,CZ,176.69,0.0019,19,12,6,8,2011-11,Кандидат на вывод: редкий хаотичный спрос
21911,GARDEN METAL SIGN,C,Z,CZ,183.40999999999997,0.002,102,28,18,5,2011-04,Вывести: продаж нет 6+ месяцев
85055,FRENCH ENAMEL UTENSIL HOLDER,C,Z,CZ,183.71,0.002,45,16,9,2,2011-01,Вывести: продаж нет 6+ месяцев
21826,EIGHT PIECE DINOSAUR SET,C,Z,CZ,185.18,0.002,125,35,16,4,2011-03,Вывести: продаж нет 6+ месяцев
84535A,ENGLISH ROSE NOTEBOOK A6 SIZE,C,Z,CZ,186.56,0.002,399,21,19,3,2011-05,Вывести: продаж нет 6+ месяцев
85045,GREEN CHRISTMAS TREE STRING 20LIGHT,C,Z,CZ,191.1,0.002,42,11,9,6,2011-11,Кандидат на вывод: редкий хаотичный спрос
21651,HANGING GLASS ETCHED TEALIGHT,C,Z,CZ,198.57,0.0021,127,11,9,3,2011-02,Вывести: продаж нет 6+ месяцев
84688,BEACH HUT DESIGN BLACKBOARD,C,Z,CZ,198.82,0.0021,40,14,6,5,2011-05,Вывести: продаж нет 6+ месяцев
90200C,BLUE SWEETHEART BRACELET,C,Z,CZ,211.43,0.0023,50,26,6,4,2011-03,Вывести: продаж нет 6+ месяцев
21316,SMALL CHUNKY GLASS ROMAN  BOWL,C,Z,CZ,214.73000000000002,0.0023,159,15,9,5,2011-04,Вывести: продаж нет 6+ месяцев
21657,MILK BOTTLE WITH GLASS STOPPER,C,Z,CZ,216.51000000000002,0.0023,29,16,11,3,2011-02,Вывести: продаж нет 6+ месяцев
75178,ASSTD COL BUTTERFLY/CRYSTAL W/CHIME,C,Z,CZ,217.62,0.0023,458,12,5,7,2011-10,Кандидат на вывод: редкий хаотичный спрос
84218,BOX/12 CHICK & EGG IN BASKET,C,Z,CZ,223.10999999999999,0.0024,123,41,37,3,2011-03,Вывести: продаж нет 6+ месяцев
85200,BUNNY EGG BOX,C,Z,CZ,228.75,0.0024,183,26,24,4,2011-04,Вывести: продаж нет 6+ месяцев
85040B,SET/4 BLUE FLOWER CANDLES IN BOWL,C,Z,CZ,229.46999999999997,0.0025,137,35,28,5,2011-04,Вывести: продаж нет 6+ месяцев
84857C,PINK MONTE CARLO HANDBAG,C,Z,CZ,232.32999999999998,0.0025,98,10,8,6,2011-07,Кандидат на вывод: редкий хаотичный спрос
47469,ASSORTED SHAPES PHOTO CLIP SILVER,C,Z,CZ,237.31,0.0025,467,11,9,7,2011-11,Кандидат на вывод: редкий хаотичный спрос
84678,CLASSICAL ROSE SMALL VASE,C,Z,CZ,247.04,0.0026,142,13,10,4,2011-03,Вывести: продаж нет 6+ месяцев
84952C,MIRROR LOVE BIRD T-LIGHT HOLDER,C,Z,CZ,255.0,0.0027,144,12,7,5,2011-10,Кандидат на вывод: редкий хаотичный спрос
21324,HANGING MEDINA LANTERN SMALL,C,Z,CZ,259.67,0.0028,81,28,20,6,2011-05,Вывести: продаж нет 6+ месяцев
79337,BLUE FLOCK GLASS CANDLEHOLDER,C,Z,CZ,259.96,0.0028,644,10,9,8,2011-07,Кандидат на вывод: редкий хаотичный спрос
84858C,PINK RIVIERA HANDBAG,C,Z,CZ,261.68,0.0028,186,6,4,3,2011-04,Вывести: продаж нет 6+ месяцев
90160D,PINK BOUDICCA LARGE BRACELET,C,Z,CZ,264.7,0.0028,38,12,9,10,2011-11,Кандидат на вывод: редкий хаотичный спрос
21785,RAIN PONCHO,C,Z,CZ,268.76,0.0029,411,5,3,3,2011-02,Вывести: продаж нет 6+ месяцев
35001W,HAND OPEN SHAPE DECO.WHITE,C,Z,CZ,270.02000000000004,0.0029,92,5,5,1,2010-12,Вывести: продаж нет 6+ месяцев
20734,SILVER MINI TAPE MEASURE,C,Z,CZ,271.21999999999997,0.0029,158,26,0,5,2011-04,Вывести: продаж нет 6+ месяцев
84596J,MIXED NUTS LIGHT GREEN BOWL,C,Z,CZ,296.45,0.0032,568,68,21,6,2011-05,Вывести: продаж нет 6+ месяцев
84632,DECORATIVE HANGING SHELVING UNIT,C,Z,CZ,299.75,0.0032,5,4,4,3,2011-07,Кандидат на вывод: редкий хаотичный спрос
84766,SILVER ROCOCO CANDLE STICK,C,Z,CZ,305.4,0.0033,132,12,9,6,2011-11,Кандидат на вывод: редкий хаотичный спрос
35915C,PEACH KNITTED HEN,C,Z,CZ,316.46,0.0034,315,60,8,4,2011-04,Вывести: продаж нет 6+ месяцев
22765,NEWSPAPER STAND,C,Z,CZ,316.95000000000005,0.0034,27,5,3,1,2010-12,Вывести: продаж нет 6+ месяцев
22202,MILK PAN PINK RETROSPOT,C,Z,CZ,319.35,0.0034,64,37,16,5,2011-05,Вывести: продаж нет 6+ месяцев
84816,DANISH ROSE BEDSIDE CABINET,C,Z,CZ,319.6,0.0034,8,6,6,5,2011-08,Кандидат на вывод: редкий хаотичный спрос
22259,FELT FARM ANIMAL HEN,C,Z,CZ,332.84,0.0036,481,44,16,5,2011-04,Вывести: продаж нет 6+ месяцев
90149,SILVER FLOWR PINK SHELL NECKLACE,C,Z,CZ,335.28000000000003,0.0036,52,3,2,2,2011-09,Кандидат на вывод: редкий хаотичный спрос
35957,SMALLFOLKART BAUBLE CHRISTMAS DEC,C,Z,CZ,343.57,0.0037,592,40,6,2,2011-01,Вывести: продаж нет 6+ месяцев
47591B,SCOTTIES CHILDRENS APRON,C,Z,CZ,344.78999999999996,0.0037,209,56,9,3,2011-02,Вывести: продаж нет 6+ месяцев
21421,PORCELAIN ROSE LARGE,C,Z,CZ,348.43000000000006,0.0037,299,14,11,6,2011-05,Вывести: продаж нет 6+ месяцев
37482P,CUBIC MUG PINK POLKADOT,C,Z,CZ,349.35,0.0037,494,47,30,4,2011-04,Вывести: продаж нет 6+ месяцев
20854,BLUE PATCH PURSE PINK HEART,C,Z,CZ,359.91999999999996,0.0038,228,40,15,3,2011-02,Вывести: продаж нет 6+ месяцев
21348,PINK SPOTS CHOCOLATE NESTING BOXES,C,Z,CZ,361.55999999999995,0.0039,140,6,5,2,2011-01,Вывести: продаж нет 6+ месяцев
21320,GLASS CHALICE GREEN  LARGE,C,Z,CZ,364.22,0.0039,197,19,10,4,2011-04,Вывести: продаж нет 6+ месяцев
22769,CHALKBOARD KITCHEN ORGANISER,C,Z,CZ,366.73,0.0039,11,8,3,2,2011-01,Вывести: продаж нет 6+ месяцев
84563A,PINK & WHITE BREAKFAST TRAY,C,Z,CZ,369.84000000000003,0.004,96,35,11,6,2011-05,Вывести: продаж нет 6+ месяцев
90154,LAZER CUT NECKLACE W PASTEL BEADS,C,Z,CZ,421.75,0.0045,57,5,5,5,2011-11,Кандидат на вывод: редкий хаотичный спрос
21318,GLASS CHALICE BLUE SMALL,C,Z,CZ,421.78,0.0045,694,49,38,6,2011-05,Вывести: продаж нет 6+ месяцев
77101A,UNION FLAG WINDSOCK,C,Z,CZ,426.94,0.0046,387,22,16,4,2011-03,Вывести: продаж нет 6+ месяцев
84596E,SMALL LICORICE DES PINK BOWL,C,Z,CZ,436.78,0.0047,574,85,33,5,2011-04,Вывести: продаж нет 6+ месяцев
84616,SILVER ROCCOCO CHANDELIER,C,Z,CZ,444.42,0.0048,12,8,5,5,2011-11,Кандидат на вывод: редкий хаотичный спрос
21656,RIDGED GLASS POSY VASE,C,Z,CZ,444.58,0.0048,219,47,15,6,2011-05,Вывести: продаж нет 6+ месяцев
48189,DOOR MAT FRIENDSHIP,C,Z,CZ,451.10999999999996,0.0048,27,17,0,5,2011-04,Вывести: продаж нет 6+ месяцев
84916,HAND TOWEL PALE BLUE W FLOWERS,C,Z,CZ,453.39,0.0048,223,29,17,6,2011-05,Вывести: продаж нет 6+ месяцев
20803,SMALL PINK GLASS SUNDAE DISH,C,Z,CZ,461.26,0.0049,903,39,25,6,2011-05,Вывести: продаж нет 6+ месяцев
84917,WHITE HAND TOWEL WITH BUTTERFLY,C,Z,CZ,466.3,0.005,184,27,13,5,2011-05,Вывести: продаж нет 6+ месяцев
22184,CAKE STAND VICTORIAN FILIGREE LARGE,C,Z,CZ,471.86,0.005,56,35,3,2,2011-01,Вывести: продаж нет 6+ месяцев
21632,VINTAGE PINK DECORATIVE PARASOL,C,Z,CZ,489.74,0.0052,88,24,5,2,2011-01,Вывести: продаж нет 6+ месяцев
20681,PINK SPOTTY CHILDS UMBRELLA,C,Z,CZ,500.46,0.0053,138,44,29,4,2011-03,Вывести: продаж нет 6+ месяцев
22127,PARTY CONES CARNIVAL ASSORTED,C,Z,CZ,504.88,0.0054,404,22,20,4,2011-03,Вывести: продаж нет 6+ месяцев
84520B,PACK 20 ENGLISH ROSE PAPER NAPKINS,C,Z,CZ,508.36999999999995,0.0054,554,80,51,4,2011-03,Вывести: продаж нет 6+ месяцев
84313B,BLUE TV TRAY TABLE,C,Z,CZ,518.61,0.0055,127,39,6,5,2011-04,Вывести: продаж нет 6+ месяцев
22861,EASTER TIN CHICKS IN GARDEN,C,Z,CZ,522.93,0.0056,305,50,36,5,2011-04,Вывести: продаж нет 6+ месяцев
20785,FUSCHIA RETRO BAR STOOL,C,Z,CZ,523.3000000000001,0.0056,14,5,4,4,2011-04,Вывести: продаж нет 6+ месяцев
22521,CHILDS GARDEN TROWEL PINK,C,Z,CZ,525.51,0.0056,609,104,81,6,2011-05,Вывести: продаж нет 6+ месяцев
22275,WEEKEND BAG VINTAGE ROSE PAISLEY,C,Z,CZ,527.85,0.0056,69,1,1,1,2010-12,Вывести: продаж нет 6+ месяцев
75131,METAL TUBE CHIME ON BAMBOO,C,Z,CZ,529.21,0.0057,490,15,13,5,2011-04,Вывести: продаж нет 6+ месяцев
35241,ENAMEL BLUE RIM BISCUIT BIN,C,Z,CZ,530.49,0.0057,103,44,27,6,2011-05,Вывести: продаж нет 6+ месяцев
21397,BLUE  SPOTTY EGG CUP,C,Z,CZ,550.43,0.0059,1075,65,43,6,2011-05,Вывести: продаж нет 6+ месяцев
90062,CARNIVAL BRACELET,C,Z,CZ,558.03,0.006,44,26,6,5,2011-04,Вывести: продаж нет 6+ месяцев
85016,SET OF 6 VINTAGE NOTELETS KIT,C,Z,CZ,560.11,0.006,563,42,22,6,2011-05,Вывести: продаж нет 6+ месяцев
22272,FELTCRAFT DOLL MARIA,C,Z,CZ,564.9200000000001,0.006,196,48,43,6,2011-05,Вывести: продаж нет 6+ месяцев
21488,RED WHITE SCARF  HOT WATER BOTTLE,C,Z,CZ,566.1700000000001,0.0061,69,16,2,2,2011-03,Вывести: продаж нет 6+ месяцев
85144,JARDIN ETCHED GLASS CHEESE DISH,C,Z,CZ,582.7,0.0062,220,41,38,6,2011-05,Вывести: продаж нет 6+ месяцев
85141,JARDIN ETCHED GLASS FRUITBOWL,C,Z,CZ,588.34,0.0063,112,37,31,6,2011-05,Вывести: продаж нет 6+ месяцев
21769,VINTAGE POST OFFICE CABINET,C,Z,CZ,607.6500000000001,0.0065,11,2,2,1,2010-12,Вывести: продаж нет 6+ месяцев
22520,CHILDS GARDEN TROWEL BLUE,C,Z,CZ,622.0999999999999,0.0066,719,113,88,6,2011-05,Вывести: продаж нет 6+ месяцев
22525,CHILDRENS GARDEN GLOVES PINK,C,Z,CZ,648.97,0.0069,489,74,42,5,2011-04,Вывести: продаж нет 6+ месяцев
22618,COOKING SET RETROSPOT,C,Z,CZ,671.53,0.0072,69,28,23,5,2011-05,Вывести: продаж нет 6+ месяцев
79067,CORONA MEXICAN TRAY,C,Z,CZ,719.69,0.0077,172,38,16,1,2010-12,Вывести: продаж нет 6+ месяцев
21398,RED POLKADOT COFFEE  MUG,C,Z,CZ,729.6,0.0078,1532,63,43,5,2011-04,Вывести: продаж нет 6+ месяцев
84763,ZINC FINISH 15CM PLANTER POTS,C,Z,CZ,748.34,0.008,601,57,39,6,2011-05,Вывести: продаж нет 6+ месяцев
